"V1","V2","V3","V4","V5","V6","V7","V8","V9","V10","V11","V12","V13","V14","V15","V16","V17","V18","V19","V20","V21","V22","V23","V24","V25","V26","V27","V28","V29","V30","V31","V32","V33","V34","V35","V36","V37","V38","V39","V40","V41","V42","V43","V44","V45","V46","V47","V48","V49","V50","V51","V52","V53","V54","V55","V56","V57","V58","V59","V60","V61","V62","V63","V64","V65","V66","V67","V68","V69","V70","V71","V72","V73","V74","V75","V76","V77","V78","V79","V80","V81","V82","V83","V84","V85","V86","V87","V88","V89","V90","V91","V92","V93","V94","V95","V96","V97","V98","V99","V100"
13,1,15,10,0,1,1,0,8,0,4,0,0,0,3,23,0,0,0,1,0,0,0,4,0,6,7,0,0,24,2,17,0,0,130,1,13,2,0,6,0,2,0,0,3,8,0,15,0,0,0,5,1,0,69,3,0,7,16,0,1,8,1,17,19,13,5,15,0,1,6,1,0,0,1,36,1,1,6,4,19,0,0,5,1,0,1,1,1,1,0,2,0,37,0,10,0,3,1,0
4,0,4,4,0,0,0,1,1,2,2,0,0,0,2,12,0,0,0,0,0,0,0,3,0,4,1,0,0,8,1,4,0,0,46,0,3,0,0,2,0,0,0,0,2,4,0,9,0,2,0,2,2,0,19,1,0,1,4,0,0,4,0,2,6,3,1,2,0,0,1,0,0,2,0,17,1,0,1,4,1,0,0,2,0,0,1,0,0,0,0,0,1,19,0,2,0,1,0,0
0,0,1,0,0,0,0,0,0,0,55,0,2,21,1,2,0,0,0,0,4,3,0,0,0,0,2,0,1,5,0,1,0,0,1,0,10,0,1,0,0,30,0,5,2,0,0,1,0,0,0,0,49,0,1,0,0,19,2,0,0,20,7,11,10,0,0,8,0,0,1,0,0,0,22,0,5,0,1,1,0,0,0,1,4,0,4,0,2,11,0,0,0,9,0,1,0,10,0,3
0,0,0,0,0,0,0,0,0,0,12,0,1,1,0,2,0,0,0,0,2,0,0,0,0,0,0,0,0,2,0,0,0,0,0,0,4,0,0,0,0,4,0,0,1,0,0,0,0,0,0,0,13,0,1,0,0,7,0,0,0,4,5,1,2,0,0,1,0,0,0,0,0,0,3,0,1,0,1,0,0,0,0,0,0,0,1,0,2,2,0,0,2,1,0,0,0,4,1,1
0,0,1,0,1,0,0,0,0,0,34,1,6,164,0,2,0,0,0,0,31,15,0,0,0,1,0,0,30,4,0,0,0,0,0,0,11,0,0,0,2,91,0,24,6,0,0,0,0,0,0,1,23,0,2,0,0,26,0,0,0,32,22,15,5,0,0,16,0,0,1,0,0,0,71,4,24,1,6,0,3,0,0,1,18,0,19,0,9,37,0,0,0,4,0,0,0,74,1,26
0,0,0,0,1,0,0,0,0,0,0,0,0,1,0,0,0,0,0,0,0,2,0,0,0,0,0,0,0,0,0,0,0,0,0,0,0,0,0,0,0,1,0,1,0,0,0,0,0,0,0,0,0,0,0,0,0,0,0,0,0,0,0,1,0,0,0,0,0,0,0,0,0,0,1,0,0,0,0,0,0,0,0,0,0,0,0,0,0,0,0,0,0,0,0,0,0,1,0,0
0,0,0,1,0,0,0,0,0,0,108,0,1,18,0,6,0,0,0,0,6,4,0,0,0,0,2,0,0,10,0,0,0,0,5,0,18,0,1,0,0,31,0,7,1,1,0,1,0,0,0,0,62,0,5,0,0,32,1,0,0,24,14,21,15,0,0,16,0,0,2,0,0,0,21,5,9,0,4,0,1,0,0,2,10,0,7,0,2,15,0,0,0,3,0,1,0,15,2,6
11,0,18,14,1,0,0,0,3,2,1,1,0,1,1,29,0,0,0,0,1,1,0,8,0,5,8,0,2,24,6,20,0,0,130,3,24,0,0,5,0,0,0,1,5,17,1,18,0,0,0,6,5,0,70,6,1,9,11,0,1,6,1,13,18,18,2,14,1,0,5,0,0,2,1,39,1,0,4,4,21,2,1,6,0,0,0,0,6,0,0,2,1,36,0,9,0,2,2,0
0,0,0,0,1,0,0,0,0,0,165,0,1,39,0,5,0,0,0,0,6,7,0,0,0,1,2,0,6,5,0,0,0,0,4,0,27,0,0,1,0,71,0,16,5,0,0,0,0,0,0,3,118,0,4,0,0,41,4,0,1,28,23,26,15,1,1,21,0,0,1,0,0,0,33,10,12,1,1,0,1,0,0,0,12,0,5,0,6,20,0,0,1,8,0,0,0,22,1,4
0,0,0,0,3,0,0,2,0,0,0,4,0,0,0,0,0,0,0,2,0,0,0,0,0,0,0,0,0,0,0,0,0,0,0,0,0,0,0,0,1,0,1,0,0,0,0,0,1,1,2,0,0,7,0,0,0,0,0,0,1,0,0,0,0,0,0,0,0,0,0,2,2,0,0,0,0,0,0,0,0,0,0,0,0,2,0,0,0,0,1,4,0,0,0,0,0,0,0,0
0,0,0,1,1,0,0,0,0,0,136,0,2,25,0,3,0,0,0,0,11,7,0,0,0,0,2,0,4,4,0,0,0,0,0,0,19,0,1,0,0,41,0,10,3,0,0,1,0,0,0,0,92,0,7,1,0,31,4,0,0,32,11,18,12,0,0,17,1,0,3,0,0,0,15,5,7,0,2,2,0,0,0,0,9,1,5,0,3,12,0,0,0,5,0,0,0,23,1,5
0,1,1,0,0,0,0,0,0,1,171,0,6,31,0,16,0,0,0,0,3,4,0,0,0,2,4,0,4,7,0,0,0,0,6,0,30,0,0,0,1,75,0,12,5,0,0,1,0,0,0,0,99,0,7,0,0,54,1,0,0,32,19,32,20,2,0,19,0,0,1,0,0,0,32,6,14,0,4,0,1,0,0,0,13,0,4,0,1,16,0,0,0,6,0,0,0,16,1,9
0,9,0,0,6,0,1,6,2,1,0,14,2,0,0,0,14,4,19,52,0,0,18,0,21,0,0,6,0,0,0,0,12,0,0,0,0,0,2,0,14,0,68,0,1,0,1,0,118,10,4,0,0,16,0,0,1,1,0,1,8,0,0,0,1,0,0,1,1,2,2,2,106,0,0,0,1,13,0,3,1,2,20,2,0,16,0,0,1,0,9,13,7,0,161,0,2,0,3,0
1,0,1,0,0,0,0,0,0,0,116,0,3,32,0,8,0,0,0,0,6,2,0,1,0,0,7,0,3,1,0,1,0,0,2,0,15,0,0,0,0,36,0,4,3,0,0,1,0,1,0,0,53,0,3,0,0,28,2,0,0,24,18,16,16,0,0,7,0,0,3,0,0,0,18,6,8,0,4,0,0,0,0,2,11,0,5,0,3,11,0,0,1,4,0,1,0,19,0,2
0,0,2,0,0,0,0,0,0,0,118,0,0,28,0,6,0,0,0,0,7,5,0,0,0,0,2,0,6,8,0,0,0,0,2,0,17,0,0,0,0,35,0,7,1,0,0,0,0,0,0,0,85,0,5,0,0,39,1,0,1,22,6,16,13,0,0,14,0,0,0,0,0,0,18,5,9,1,3,1,0,0,0,0,6,0,3,0,3,14,0,0,0,5,0,0,0,17,0,3
0,3,0,0,10,0,0,3,0,0,0,12,0,0,0,0,0,0,6,18,0,0,6,0,2,0,0,3,0,0,0,0,0,0,0,0,0,0,0,0,8,0,11,1,3,0,2,0,7,17,1,1,0,52,0,0,0,0,0,1,26,1,0,0,0,0,2,1,1,2,1,2,9,1,0,0,0,5,1,5,3,1,7,6,0,21,0,0,1,0,2,29,14,0,11,0,1,1,7,0
0,1,1,0,12,0,4,2,0,1,0,17,0,1,0,0,0,0,5,7,0,1,5,0,1,1,0,1,0,0,0,0,1,0,0,0,0,0,0,0,12,0,19,0,2,0,1,0,4,16,2,3,0,63,1,0,0,0,0,0,20,0,0,0,1,0,3,0,1,1,1,1,9,0,0,0,1,7,2,5,6,2,1,4,0,24,0,0,0,0,1,16,17,0,10,0,1,0,3,0
0,4,0,0,26,1,2,6,0,0,0,28,0,0,0,1,3,2,4,27,1,1,8,0,6,1,0,4,1,0,0,0,5,0,1,0,0,0,2,0,14,0,21,0,8,3,3,0,4,25,2,3,0,92,0,1,1,0,0,0,28,0,0,0,0,0,2,0,1,2,2,5,19,1,0,0,1,16,4,10,5,2,7,7,0,30,0,0,1,0,3,27,23,0,15,0,0,0,10,0
17,0,11,23,1,2,0,0,3,4,3,2,0,1,1,38,0,0,0,0,0,2,0,5,0,11,7,0,0,26,2,10,0,0,136,2,26,3,0,4,2,2,0,6,7,12,2,31,0,0,0,4,5,1,78,7,0,6,10,2,3,4,0,11,9,27,6,18,0,0,5,0,0,2,1,60,2,1,2,2,23,2,0,9,1,0,1,0,4,0,0,5,1,42,1,11,0,4,6,0
0,0,0,0,0,0,0,0,0,0,18,0,3,102,0,3,0,0,1,0,21,19,0,0,0,0,1,0,9,2,0,0,0,0,2,0,7,0,0,0,0,62,0,12,5,0,0,0,0,0,0,0,23,1,2,0,0,23,1,0,0,16,19,12,4,0,0,10,0,0,3,0,0,0,44,0,23,0,7,0,1,0,0,1,14,0,14,0,8,33,0,0,1,4,0,0,0,54,0,27
0,0,0,0,4,0,0,2,0,0,0,2,1,0,0,0,0,0,1,2,0,0,4,0,0,0,0,0,0,0,0,0,1,0,0,0,0,0,0,0,4,0,5,0,1,2,1,0,2,5,5,0,0,26,0,0,1,0,0,0,6,0,0,0,0,0,0,0,0,3,1,0,6,1,0,0,0,3,0,1,3,0,0,1,0,7,1,1,0,0,2,7,4,1,5,0,1,0,0,0
0,5,0,0,20,1,2,4,0,0,0,21,1,0,0,0,3,3,6,11,0,1,8,0,4,0,0,3,0,0,0,0,5,0,1,0,0,2,3,0,18,0,19,0,3,0,2,0,15,20,6,4,0,93,0,0,0,1,0,0,26,0,0,1,0,0,2,0,0,3,2,3,18,2,0,1,1,6,1,7,3,1,3,8,0,32,0,3,0,0,2,41,19,1,11,0,2,0,8,0
0,13,1,0,9,0,0,4,0,0,0,4,1,0,0,0,4,2,20,28,0,0,18,0,13,0,0,5,0,0,0,0,5,0,0,0,0,3,1,0,12,0,61,0,0,1,2,0,95,10,2,1,0,13,2,0,0,0,0,0,6,0,0,0,0,0,0,0,3,2,2,1,68,0,0,0,0,9,1,2,1,1,12,4,0,14,0,1,0,0,3,10,11,0,124,0,4,0,1,0
0,0,0,0,1,0,0,0,0,0,91,0,0,28,0,9,0,1,0,0,5,2,0,0,0,0,2,0,5,4,0,0,0,0,1,0,16,0,1,1,0,30,0,6,3,2,0,0,0,0,0,0,80,0,1,0,0,32,1,0,0,30,10,20,13,0,0,18,0,0,0,0,0,0,13,5,3,0,1,1,2,0,0,1,3,0,2,0,5,9,0,0,0,2,0,0,0,11,1,3
0,0,0,0,0,0,0,0,0,0,19,0,2,1,0,0,0,0,0,0,1,0,0,0,0,0,1,0,0,0,0,0,0,0,1,0,5,0,0,0,0,8,0,0,2,0,0,1,0,0,0,0,7,0,0,0,0,4,0,0,0,4,0,1,2,0,0,3,0,0,0,0,0,0,1,1,0,0,1,0,0,0,0,1,3,0,1,0,0,2,0,0,0,4,0,0,0,0,1,1
0,5,0,2,23,1,0,3,0,2,0,27,1,1,0,0,1,3,8,10,0,1,9,0,1,2,0,5,1,0,0,0,2,0,0,1,0,0,4,0,19,0,19,0,4,3,2,1,17,26,4,4,0,93,1,0,0,3,0,0,36,0,0,0,0,1,1,0,1,3,7,2,13,1,0,0,0,17,2,7,3,2,9,11,0,37,0,1,2,0,7,35,28,1,15,0,2,0,4,0
0,1,0,0,0,0,1,0,0,0,0,0,0,0,0,0,0,0,1,2,0,0,0,0,0,0,0,1,0,0,0,0,1,0,0,0,0,0,0,0,0,0,0,0,0,0,0,0,0,1,0,0,0,1,0,0,0,0,0,0,3,0,0,0,0,0,0,0,1,0,0,0,1,0,0,0,0,1,0,1,0,0,0,0,0,1,0,0,1,0,0,4,2,0,3,0,0,0,1,0
0,0,0,0,0,0,0,0,0,0,85,0,1,19,0,4,0,0,0,0,5,4,0,0,0,0,2,0,5,6,0,0,0,0,1,0,14,0,0,0,0,29,0,4,5,0,0,0,0,1,0,1,56,0,4,0,0,20,1,0,0,22,12,13,10,0,0,15,0,0,5,0,0,0,23,2,7,0,1,0,0,0,0,2,6,0,1,0,1,7,0,0,0,4,0,0,0,9,0,8
0,2,0,0,4,2,0,4,0,0,0,3,0,0,0,0,3,3,8,17,0,0,6,0,7,0,0,1,0,0,0,0,4,0,0,0,0,0,0,0,3,0,30,0,0,0,0,0,41,2,1,0,0,6,0,0,0,0,0,0,1,0,0,0,0,0,0,0,0,1,1,3,34,0,0,0,0,5,1,0,1,0,6,1,0,8,0,1,1,0,1,6,7,0,69,0,1,0,2,0
8,0,13,17,2,0,0,0,1,2,4,1,0,5,2,19,0,0,0,0,0,0,0,2,0,2,7,0,1,18,2,11,0,0,101,1,15,0,0,2,0,2,0,2,2,4,2,21,0,2,0,6,3,0,64,4,1,4,17,2,1,3,0,11,25,20,5,13,0,1,7,1,0,2,0,36,1,0,3,3,12,1,0,2,0,0,1,0,3,0,0,1,0,35,0,3,0,1,6,1
0,0,0,0,0,0,0,0,1,0,73,0,0,21,0,6,0,0,0,0,7,2,0,0,0,0,1,1,1,8,0,0,0,0,1,0,22,0,0,0,1,26,0,6,3,0,0,1,0,0,0,1,48,0,4,0,0,21,2,0,0,15,8,13,11,0,0,9,0,0,1,0,0,0,11,3,9,1,2,0,1,0,0,0,8,0,4,0,4,9,0,0,1,4,0,0,0,6,2,1
7,0,7,8,0,0,0,0,1,1,3,0,0,0,1,15,0,0,0,0,0,0,0,2,0,4,0,0,0,9,0,8,1,0,62,1,12,0,0,4,0,1,0,0,9,7,0,8,0,1,1,4,1,0,39,2,0,6,10,0,0,5,0,12,9,9,2,5,0,0,4,0,0,2,1,14,3,0,0,1,13,0,0,3,0,0,0,0,4,0,1,0,1,29,0,7,0,2,2,0
0,16,0,0,11,1,0,8,0,0,0,7,0,0,0,0,4,4,30,42,0,1,14,0,25,1,0,8,1,0,0,0,12,0,0,0,0,1,4,0,23,0,57,1,0,0,2,0,136,6,8,1,0,28,0,0,1,0,0,0,11,1,0,0,1,0,2,0,3,2,0,3,87,0,0,0,1,15,0,5,0,0,18,4,0,19,0,0,0,0,7,6,10,0,173,0,1,0,4,0
0,0,0,0,1,0,0,0,0,0,28,1,9,137,0,0,0,0,0,0,30,24,0,0,0,0,1,0,14,0,0,0,0,0,2,0,10,0,2,0,0,50,0,19,3,2,0,0,1,0,1,0,24,0,1,0,0,23,0,0,0,36,15,14,5,0,0,13,1,0,3,0,0,0,46,3,30,1,5,1,3,0,0,2,12,0,16,0,4,37,0,0,0,4,0,0,0,70,1,22
0,0,0,0,0,0,0,0,0,0,95,1,1,31,0,2,0,0,0,0,3,3,0,0,0,0,1,0,2,6,0,0,0,0,2,0,26,0,0,0,0,43,0,6,0,0,0,0,0,0,0,0,67,0,1,0,0,25,0,0,0,27,9,11,6,1,0,16,1,0,3,0,0,0,17,7,10,1,3,0,1,0,0,1,5,0,3,0,4,15,0,0,0,6,0,0,0,14,1,9
1,0,2,2,0,0,0,0,1,0,3,0,0,1,1,5,0,0,0,0,0,0,0,0,0,1,0,0,0,3,0,0,0,0,18,0,1,0,0,1,0,0,0,2,0,1,1,3,0,1,0,2,0,0,8,1,0,2,2,0,0,2,0,4,2,0,2,0,0,1,0,0,0,0,0,8,1,0,0,0,4,0,0,0,0,0,0,0,1,0,0,0,0,6,0,1,0,0,1,0
0,0,0,0,1,0,0,0,0,0,19,0,3,73,0,1,0,0,0,0,18,7,0,0,0,0,0,0,13,0,0,0,0,0,1,0,4,0,0,0,0,35,0,12,2,1,0,0,0,0,0,0,19,0,2,0,0,13,1,0,0,17,7,7,3,0,1,5,1,0,3,0,0,0,35,1,10,0,1,2,0,0,0,0,7,0,8,0,3,19,0,0,0,2,0,0,0,39,0,13
0,0,2,1,0,0,0,0,1,0,0,1,0,0,1,2,0,0,0,0,0,0,0,0,0,2,0,0,0,3,0,0,0,0,5,1,3,0,0,0,0,0,0,0,1,1,0,1,0,0,0,0,0,0,4,1,0,1,2,0,0,1,0,1,1,0,0,1,0,0,0,0,0,0,0,3,0,0,0,0,2,0,0,1,0,1,0,0,0,0,0,0,0,2,0,0,0,0,0,0
0,4,0,1,25,2,1,9,3,1,0,37,0,0,0,0,1,0,9,18,0,0,10,1,5,0,0,7,0,0,0,0,7,0,0,0,0,1,4,0,27,0,31,0,10,1,4,0,12,33,8,7,0,126,1,0,0,0,1,0,36,0,0,0,0,1,0,1,3,3,7,6,13,1,0,1,1,14,3,8,0,0,6,10,0,40,2,4,3,0,11,43,31,0,16,0,1,1,9,0
0,0,0,0,0,0,0,0,0,0,11,0,1,4,0,1,0,0,0,0,0,0,0,0,0,0,0,0,1,2,0,0,0,0,0,0,2,0,0,0,0,5,0,2,0,0,0,0,0,0,0,0,6,0,1,0,0,3,0,0,0,7,0,4,3,0,0,3,0,0,0,0,0,0,5,0,2,0,0,0,0,0,0,0,3,0,0,0,2,2,0,0,0,0,0,0,0,5,0,0
0,0,0,0,0,0,0,0,0,0,128,0,2,31,0,7,0,0,0,0,3,2,0,0,0,0,0,0,6,7,0,0,0,0,0,0,16,0,1,0,0,47,0,10,4,0,0,1,0,0,0,1,70,0,5,1,0,30,0,0,1,17,6,20,10,0,0,12,0,0,3,0,0,0,29,8,7,0,4,3,0,0,0,1,9,0,3,0,1,13,0,1,0,9,0,0,0,12,0,2
0,0,0,0,0,0,0,0,0,0,5,0,4,38,0,0,0,0,0,0,12,6,0,0,0,0,1,0,1,0,0,0,0,0,0,0,1,0,1,0,0,18,0,2,1,0,0,0,0,0,0,0,6,0,0,0,0,7,0,0,0,8,5,0,2,0,0,5,1,0,0,0,0,0,15,0,4,0,0,1,0,0,0,1,4,0,4,0,2,17,0,0,0,0,0,0,0,25,0,9
10,1,22,29,2,0,2,0,6,2,1,1,2,3,3,35,0,0,0,0,0,0,0,4,1,9,6,0,0,33,3,18,0,0,142,5,22,0,1,13,0,3,0,2,10,14,1,20,0,1,0,9,4,1,96,10,1,11,15,0,1,12,0,19,9,28,5,22,0,0,9,0,0,3,3,52,3,1,8,5,30,1,0,15,0,1,2,0,2,1,0,1,0,45,0,11,0,2,5,0
0,9,1,0,7,1,0,3,0,0,0,3,1,0,0,1,6,0,14,24,0,0,15,0,19,0,0,6,1,0,1,0,4,0,0,0,0,0,1,0,15,0,49,0,2,1,0,0,72,3,5,1,0,23,0,0,0,0,0,0,2,0,0,0,0,0,0,0,0,2,0,1,70,0,0,0,1,11,2,4,0,0,13,3,0,8,1,4,0,0,2,9,15,0,107,0,1,0,0,0
1,0,1,0,1,0,0,0,0,0,120,0,2,28,0,5,0,0,1,0,9,6,0,0,0,0,2,0,1,2,0,0,0,0,4,0,26,0,2,0,1,49,0,4,3,1,0,0,0,0,0,0,93,0,2,0,0,26,2,0,0,29,9,22,14,0,0,13,0,0,3,0,0,0,19,4,3,0,4,0,0,0,0,1,10,0,2,0,3,12,0,0,0,9,0,1,0,18,1,6
0,0,0,0,0,0,0,0,1,0,32,0,12,155,0,1,0,1,0,0,31,21,0,0,0,0,0,0,16,3,0,0,0,0,1,0,12,0,2,0,0,85,0,22,3,0,0,0,0,1,0,1,17,0,1,0,0,27,0,0,0,30,21,9,8,1,0,17,0,0,7,0,0,0,72,4,25,1,3,0,2,0,0,2,13,0,16,0,7,41,0,0,1,4,0,1,0,65,1,31
0,0,0,0,0,0,0,0,0,0,35,0,0,7,0,0,0,0,0,0,2,0,0,0,0,0,1,0,0,1,0,0,0,0,1,0,5,0,0,0,0,10,0,2,1,0,0,0,0,0,0,0,21,0,1,0,0,5,1,0,0,9,4,5,4,0,0,4,0,0,0,0,0,0,6,0,2,0,1,0,1,0,0,0,1,1,0,0,0,0,0,0,0,0,0,0,0,1,0,1
2,0,3,7,0,0,0,0,2,1,1,1,1,0,2,9,0,0,0,0,1,0,0,2,0,2,4,0,1,11,1,6,0,0,53,1,6,0,0,0,0,1,0,0,2,4,2,9,0,1,0,2,0,0,41,2,0,1,4,1,0,5,0,6,11,8,4,5,0,0,3,0,0,1,0,27,2,0,2,2,10,0,0,1,0,0,3,0,2,0,0,0,0,13,0,2,0,1,1,0
0,0,1,1,0,0,0,0,0,0,145,1,3,38,1,9,0,0,0,0,7,3,0,0,0,0,2,0,4,6,0,0,0,0,4,0,23,0,2,0,1,46,0,10,3,0,0,0,0,0,0,0,83,0,13,0,0,30,4,0,1,34,15,20,14,1,0,24,2,0,0,0,0,0,22,7,7,0,0,0,1,0,0,3,12,0,3,0,8,17,0,0,1,6,0,0,0,15,0,6
1,0,0,0,0,0,0,0,0,0,132,1,4,18,0,7,0,0,0,1,6,7,0,0,0,0,5,0,8,4,0,0,0,0,4,0,22,0,1,0,0,46,0,10,4,0,0,0,1,0,0,0,67,0,5,0,0,40,2,0,0,37,11,25,11,0,0,16,0,0,2,0,0,0,23,8,8,0,5,1,1,0,0,1,9,2,6,0,7,13,0,0,0,9,0,0,0,18,0,3
0,13,0,0,7,0,0,3,0,0,0,4,0,0,0,0,3,7,12,21,0,0,13,0,13,0,0,3,0,1,0,0,9,0,0,0,0,1,2,0,13,0,45,0,2,1,0,0,74,6,0,0,0,20,0,0,0,0,0,0,6,0,0,0,0,0,0,1,0,0,0,2,60,0,0,0,0,12,0,1,0,1,12,1,0,11,0,1,1,0,1,6,6,0,104,0,2,0,2,0
1,1,1,1,14,2,0,6,0,0,0,15,2,0,0,0,2,4,5,14,0,1,4,0,1,2,0,1,1,0,0,0,5,0,0,0,0,0,0,0,16,1,14,0,1,1,1,0,3,16,2,5,0,58,0,0,0,0,0,0,20,0,0,0,1,0,1,0,1,4,4,0,9,0,0,0,0,8,3,8,4,0,6,6,0,27,0,1,1,0,1,19,16,1,10,0,0,0,6,0
0,0,0,0,0,0,0,0,0,0,2,0,0,12,0,0,0,0,0,0,1,0,0,0,0,0,0,0,2,0,0,0,0,0,1,0,1,0,0,0,0,5,0,6,0,0,0,0,0,0,0,0,0,0,1,0,0,3,0,0,0,0,3,1,0,0,0,1,0,0,0,0,0,0,3,0,1,0,0,0,0,0,0,0,0,0,3,0,1,6,0,0,0,0,0,0,0,8,0,4
10,1,24,16,3,0,2,1,5,3,6,1,0,2,1,45,0,0,0,0,1,1,1,8,0,12,6,0,0,21,2,28,0,0,159,2,24,0,0,8,0,0,0,3,3,25,2,32,0,1,0,8,4,0,96,4,0,5,16,2,2,6,1,24,31,22,8,10,0,1,6,0,1,2,1,57,3,1,4,7,32,2,0,10,0,1,0,0,2,2,0,3,2,53,0,5,0,2,3,0
0,1,0,0,0,0,0,0,0,0,0,0,0,0,0,0,1,0,0,1,0,0,0,0,0,0,0,1,0,0,1,0,0,0,0,0,0,0,0,0,1,0,2,0,0,0,0,0,1,0,1,0,0,0,0,0,0,0,0,0,1,0,0,0,0,0,0,0,0,0,0,0,1,0,0,0,0,0,0,0,0,0,1,1,0,0,0,0,0,0,0,0,1,0,3,0,1,0,0,0
0,3,0,1,13,0,1,3,0,1,0,17,1,0,0,0,1,1,5,10,0,0,10,0,4,0,0,1,0,0,1,0,4,0,0,0,0,0,1,0,11,0,17,0,3,2,2,0,10,20,2,6,0,77,0,0,0,1,0,0,20,0,0,0,0,0,2,0,0,4,2,3,12,0,0,1,1,14,4,5,2,0,8,6,0,29,1,1,4,0,4,19,14,0,13,2,0,0,8,0
0,1,0,0,0,0,0,0,0,0,0,2,0,0,0,0,6,1,4,6,0,0,3,0,1,0,0,1,0,0,0,0,2,0,0,0,0,0,0,0,5,0,10,0,0,0,0,0,27,1,2,0,0,3,0,0,1,0,0,0,1,0,0,0,0,0,0,0,0,0,0,0,13,0,0,0,0,4,0,0,0,0,2,0,0,1,0,0,0,0,2,0,2,0,28,0,0,0,1,0
0,5,0,0,15,1,3,3,0,0,0,3,0,1,0,0,1,1,5,8,0,0,13,0,3,1,0,0,2,0,0,0,1,1,0,1,0,0,0,0,11,0,23,2,1,0,1,0,10,18,3,4,0,54,0,0,0,0,0,0,16,0,0,0,1,0,0,0,1,1,2,0,10,1,0,0,0,5,6,7,1,2,5,4,0,18,0,1,0,0,2,9,6,0,9,0,1,1,2,0
0,4,0,0,3,2,0,1,0,0,0,4,0,0,0,0,1,0,13,9,0,0,5,0,2,0,0,1,0,0,0,0,1,0,0,0,0,0,0,0,6,0,16,0,0,0,0,1,30,2,1,0,0,9,0,0,1,0,0,0,2,0,0,0,0,0,0,0,1,0,1,1,23,0,0,0,0,6,1,0,0,0,7,1,0,3,0,0,0,0,2,1,4,0,41,1,0,0,2,0
0,0,0,0,5,1,1,1,0,0,0,6,0,0,0,0,1,0,0,5,0,0,0,0,0,0,0,0,0,0,0,0,2,0,0,0,0,1,0,0,4,0,4,0,1,0,1,0,1,2,0,1,0,14,0,0,0,0,0,1,4,0,0,0,1,0,0,0,0,0,2,1,4,0,0,0,0,1,2,2,0,0,0,2,0,2,0,1,0,0,1,7,1,0,4,0,0,0,0,0
7,0,6,8,1,1,0,0,4,1,0,2,0,1,0,29,0,0,0,0,0,0,0,2,0,4,2,0,0,22,3,9,0,0,90,2,11,0,0,4,0,0,0,6,2,6,3,13,1,2,0,3,3,0,42,6,0,5,13,1,0,2,0,9,8,11,1,9,0,1,4,0,0,0,0,33,1,0,3,2,11,3,0,1,0,0,0,0,2,0,0,0,0,24,0,4,0,0,3,0
12,0,12,22,0,0,0,0,4,0,3,1,0,0,0,22,0,1,0,0,0,0,0,4,0,7,5,0,0,15,4,11,0,0,98,2,10,1,0,5,0,0,0,2,3,8,2,18,0,0,0,5,4,0,44,9,0,3,14,1,1,1,0,9,13,16,2,7,0,0,5,0,0,3,1,37,1,0,1,5,9,0,0,6,0,1,0,0,2,0,0,1,1,30,1,5,0,3,2,0
0,0,0,0,1,0,0,0,0,0,13,0,8,126,0,2,0,0,0,0,28,9,0,0,0,0,0,0,18,2,0,1,0,0,7,0,6,0,2,0,0,56,0,19,6,1,0,0,1,0,0,0,28,1,2,1,0,22,2,0,0,39,24,10,5,2,1,9,0,0,2,0,0,0,52,3,25,1,7,0,0,0,0,3,21,0,17,0,11,34,0,0,1,6,0,0,0,71,0,15
9,0,17,16,0,0,1,0,5,1,0,0,0,1,2,20,0,0,0,0,0,1,0,6,0,4,9,0,1,25,1,10,0,0,98,2,13,0,0,5,0,3,0,1,2,14,0,17,0,5,1,9,4,0,49,4,0,8,6,2,1,1,0,14,21,13,5,10,0,0,6,0,0,0,0,37,0,0,6,10,11,0,0,3,0,1,1,0,3,0,0,1,1,39,0,6,0,0,2,0
1,0,0,0,1,0,0,0,0,0,67,2,1,22,0,7,0,0,0,0,2,2,0,0,0,0,0,0,1,1,0,0,0,0,1,0,15,0,1,0,0,27,0,2,0,1,0,0,0,1,0,0,37,1,1,0,0,19,2,0,0,16,4,7,5,0,0,11,0,0,1,0,0,0,9,6,7,0,1,0,0,0,0,0,4,0,2,0,3,6,0,0,0,2,1,0,0,9,1,5
0,5,0,3,13,1,0,5,0,1,0,16,0,1,0,0,0,0,7,13,0,0,7,0,1,3,0,3,1,0,0,0,3,0,0,0,0,0,0,0,13,0,23,0,0,1,1,0,9,19,2,1,0,66,0,0,0,0,0,1,33,1,0,1,1,0,0,0,1,4,7,2,6,0,0,0,2,7,1,8,2,2,6,6,0,25,3,3,2,0,6,27,14,0,12,0,1,0,6,0
0,0,0,0,1,0,0,0,0,0,5,0,2,44,0,1,0,0,0,0,14,4,0,0,0,0,1,0,5,0,0,0,0,0,1,0,3,0,1,0,0,26,0,4,1,1,0,0,0,0,0,0,17,0,1,0,0,13,0,0,0,13,6,1,2,0,0,6,0,0,1,0,0,0,15,0,11,0,5,1,0,0,0,0,5,0,3,0,0,15,0,0,1,2,0,0,0,33,0,4
0,0,0,0,0,0,0,0,0,0,11,0,0,6,0,1,0,0,0,0,0,0,0,0,0,0,0,0,0,1,0,0,0,0,0,0,5,0,0,0,0,10,0,0,0,0,0,0,0,0,0,0,10,0,0,0,0,3,0,0,0,5,2,3,2,0,0,2,0,0,0,0,0,0,0,1,1,0,1,1,0,0,0,0,1,0,0,0,0,4,0,1,0,0,0,0,0,4,0,1
0,2,1,0,9,0,1,3,0,0,0,14,0,0,0,0,0,0,3,18,1,0,8,0,1,1,0,1,0,0,0,0,3,0,0,0,0,0,3,0,9,0,9,0,2,1,2,0,9,21,3,3,0,59,1,0,0,0,0,0,22,0,0,0,0,0,1,0,2,2,3,5,9,0,0,0,0,9,1,11,1,3,1,7,0,20,1,0,1,0,5,30,15,0,10,0,1,0,5,0
0,1,0,0,18,2,2,3,0,0,0,10,0,0,0,0,0,0,3,18,0,0,5,0,2,0,0,3,0,0,0,0,2,1,0,0,1,2,1,0,5,0,19,3,3,2,0,0,14,17,4,3,0,72,1,0,0,2,0,2,25,0,0,0,0,0,2,0,1,0,2,2,8,3,0,0,0,8,2,5,2,1,5,7,0,27,1,0,3,0,2,27,11,1,7,1,1,2,7,2
0,8,1,0,6,1,1,0,0,0,0,2,1,0,0,0,6,2,8,9,0,0,4,0,12,0,0,2,0,0,0,0,0,0,0,0,0,0,1,0,1,0,18,0,1,0,0,0,32,1,2,0,0,6,0,0,0,0,0,0,9,0,0,0,0,0,0,0,3,1,1,0,28,0,0,0,0,4,0,1,0,0,4,0,0,2,0,0,0,0,2,3,3,0,58,0,1,0,0,0
0,0,0,0,16,2,0,0,0,0,0,8,0,0,0,0,1,1,0,9,0,0,9,0,2,4,0,1,0,0,0,0,3,0,0,0,0,1,1,0,8,0,9,2,1,0,0,0,4,10,4,1,1,48,0,0,1,0,0,1,15,0,0,0,2,0,2,0,0,1,2,1,5,0,0,0,0,5,1,3,3,1,1,2,0,21,0,2,0,0,5,16,9,0,12,0,1,0,7,0
0,0,0,1,0,0,0,0,0,1,74,0,0,6,0,2,0,1,0,0,9,3,0,0,0,0,0,0,0,2,0,1,0,0,0,0,15,0,0,0,1,21,0,4,3,0,0,0,0,0,0,1,43,0,1,0,0,23,0,0,0,25,1,9,8,1,0,8,0,0,1,0,0,0,18,2,2,0,0,0,3,0,0,1,3,0,3,0,4,10,0,0,0,4,0,0,0,12,0,5
0,0,0,0,0,0,0,0,0,0,4,0,0,20,0,0,0,0,0,0,6,4,0,0,0,0,0,0,1,0,0,0,0,0,0,0,0,0,0,0,0,13,0,1,0,0,0,0,0,0,0,0,4,0,0,0,0,5,0,0,0,12,7,0,3,0,0,3,0,0,1,0,0,0,13,0,10,1,0,0,0,0,0,1,3,0,2,0,3,10,0,0,0,0,0,0,0,11,0,6
0,0,0,0,0,0,0,0,0,0,16,0,3,67,0,1,0,0,0,0,17,9,0,0,0,0,1,0,13,0,0,0,0,0,1,0,4,0,0,0,0,33,0,10,1,0,0,0,0,0,0,1,7,1,0,0,0,16,0,0,0,16,11,4,3,0,0,14,0,0,0,0,0,0,24,1,9,2,2,0,0,0,0,2,5,0,7,0,3,19,0,0,0,5,0,0,0,24,0,12
0,0,1,1,0,0,0,0,0,0,179,0,4,37,0,7,0,1,0,0,9,1,0,0,0,0,2,0,9,6,0,1,0,0,3,1,30,0,0,0,0,62,0,13,3,0,0,1,0,0,0,0,132,0,7,0,0,46,0,0,0,42,21,30,20,1,0,28,1,0,4,0,0,0,26,7,13,0,6,0,2,0,0,0,12,1,8,0,3,16,0,0,0,12,0,0,0,27,0,5
0,0,0,0,0,0,0,0,0,0,37,0,1,7,0,5,0,0,0,0,3,1,0,0,0,0,0,0,0,1,0,0,0,0,2,0,4,0,0,0,0,13,0,1,0,0,0,0,0,0,0,0,27,0,0,0,0,10,0,0,0,8,4,6,6,0,0,10,0,0,0,0,0,0,6,1,3,0,3,0,0,0,0,0,3,0,5,0,1,2,0,0,0,0,0,0,0,4,0,0
0,9,0,0,4,0,1,5,0,0,0,1,1,0,0,0,3,1,17,18,0,0,14,0,12,0,0,0,0,1,0,0,5,0,0,0,0,0,1,0,16,0,45,0,1,1,0,0,54,6,0,1,0,5,0,0,0,0,0,0,7,1,0,0,0,0,0,0,1,0,2,4,38,0,0,0,0,8,0,1,0,1,13,1,0,10,2,0,1,0,8,11,2,0,80,0,2,0,1,1
3,0,2,7,1,0,0,0,1,0,0,0,0,1,2,10,0,0,0,0,0,0,0,1,0,0,0,0,0,12,0,3,0,0,31,1,1,1,0,1,0,0,0,1,0,7,0,2,0,2,0,1,0,0,16,1,0,2,3,1,0,0,0,5,5,9,0,2,0,0,2,0,0,0,0,12,0,0,2,0,3,1,0,4,0,0,0,0,2,0,0,1,0,15,0,0,0,0,1,0
0,0,0,0,1,0,0,0,0,0,121,0,2,44,0,2,0,0,0,0,4,3,0,1,0,0,3,0,2,5,0,1,0,0,3,0,29,0,0,0,0,37,0,14,2,0,0,2,0,1,0,1,84,0,4,0,0,26,1,1,0,23,9,15,12,0,0,20,0,0,4,0,0,0,22,7,15,0,1,0,1,0,0,0,5,1,10,0,1,14,0,0,0,7,0,0,0,17,1,5
7,0,11,12,1,0,0,0,1,0,2,0,0,0,1,24,0,0,0,0,1,1,1,1,0,7,11,0,0,14,2,12,0,0,93,3,15,1,0,6,1,2,0,0,4,16,0,6,0,0,0,4,6,1,48,3,1,1,7,1,1,3,0,8,13,6,5,10,0,2,6,0,0,0,0,34,1,0,7,4,14,0,0,4,0,0,0,0,5,0,0,0,0,22,0,4,0,1,7,0
0,0,0,1,0,0,0,0,0,0,90,0,1,16,0,6,0,0,0,0,6,1,1,0,0,0,1,0,4,10,0,0,0,0,3,0,12,0,1,0,0,33,0,2,0,1,0,1,0,0,0,0,41,0,4,0,0,28,1,0,0,24,10,17,10,0,0,11,0,0,1,0,0,0,19,5,5,0,1,0,0,0,0,0,4,0,2,0,2,8,0,1,0,6,0,0,0,14,0,1
1,0,0,0,1,0,0,0,0,0,197,0,3,37,0,8,0,0,0,0,8,5,0,0,0,0,1,0,3,9,0,0,0,0,0,0,44,0,0,0,0,63,0,14,5,0,0,0,1,0,0,0,125,0,9,0,0,42,2,0,0,35,20,25,13,1,1,22,0,0,4,0,0,0,28,6,12,0,8,2,2,0,0,2,7,0,5,0,5,24,0,0,0,10,0,0,0,23,0,16
1,3,0,0,14,1,0,2,0,1,0,13,0,0,0,0,2,0,6,19,0,1,5,0,3,1,0,2,0,0,1,0,3,0,0,0,0,0,0,0,8,0,28,0,2,0,3,1,8,17,4,1,0,67,0,0,0,0,0,0,33,0,0,0,0,0,1,0,0,2,3,0,5,0,0,1,0,6,1,5,3,2,3,7,0,30,1,0,1,0,5,26,15,0,8,1,1,0,4,0
0,3,0,0,25,2,0,5,0,0,0,23,1,0,0,0,1,0,10,30,0,3,15,0,0,3,0,5,0,0,0,0,5,0,0,0,0,0,2,0,15,0,30,3,4,0,5,0,12,32,4,3,0,98,0,0,2,0,0,0,53,1,0,0,2,0,4,0,2,5,8,0,18,3,0,0,3,15,3,9,1,1,10,10,0,42,2,4,0,0,4,48,22,0,18,0,1,0,12,1
0,0,0,0,0,0,0,0,0,0,17,0,2,101,0,2,0,0,0,0,24,10,0,0,0,0,1,0,20,0,0,0,1,0,0,0,4,0,1,0,0,49,0,15,1,1,0,0,0,0,0,2,16,0,0,0,0,16,0,0,1,24,21,7,2,0,0,10,0,0,2,0,0,0,42,1,23,0,3,1,1,0,0,0,7,0,14,0,3,24,0,1,0,7,0,0,1,47,1,6
0,0,0,0,0,0,0,0,0,0,160,0,5,39,1,13,0,0,0,1,3,12,0,0,0,1,5,1,8,11,0,0,1,0,3,0,41,0,0,3,0,61,0,8,6,0,0,1,0,1,0,0,110,1,5,1,0,55,3,0,1,47,19,33,17,2,0,24,1,0,5,0,0,0,27,7,18,0,3,0,4,1,0,0,15,0,5,0,7,19,0,0,0,11,0,0,0,14,4,8
4,0,10,5,0,0,0,1,3,1,3,4,0,0,1,24,0,0,0,1,1,0,0,0,0,4,8,0,0,10,0,7,0,1,59,1,10,2,0,0,0,0,0,0,4,5,2,7,0,0,0,7,1,0,35,1,0,4,9,0,1,3,2,7,9,9,3,7,0,0,6,0,0,5,0,31,1,1,2,5,12,1,0,1,0,1,0,0,0,0,0,0,2,21,0,3,0,2,0,1
0,0,0,0,9,0,1,0,0,0,0,13,1,0,0,0,1,2,5,8,0,0,6,0,1,1,0,0,0,0,0,0,6,0,0,0,0,1,2,0,9,0,9,0,4,0,5,0,4,16,2,2,0,40,0,1,0,0,0,0,22,0,0,0,0,0,0,2,1,0,5,4,6,0,0,0,0,9,2,7,1,0,1,2,0,26,0,1,2,0,2,18,19,0,5,0,0,0,3,0
0,0,0,0,0,0,2,0,0,0,191,0,1,40,0,8,0,0,1,0,12,5,0,0,0,0,4,0,8,8,0,0,1,0,6,0,37,0,0,0,0,76,0,8,9,2,0,0,0,1,0,1,127,1,4,0,0,50,4,0,2,40,26,23,11,0,0,26,0,0,0,0,0,0,44,6,21,0,5,0,1,0,0,0,11,0,6,0,7,17,0,0,1,14,0,0,0,26,0,5
0,1,0,0,9,0,0,8,0,1,0,4,0,0,0,0,0,3,5,7,0,0,4,0,2,0,0,1,0,0,1,0,1,0,0,0,1,1,0,0,2,0,11,0,1,0,1,0,5,11,1,3,0,29,0,0,0,0,0,0,15,0,0,0,0,0,1,0,0,2,2,0,5,0,0,0,2,5,0,6,1,1,3,5,0,11,1,0,1,1,1,17,12,0,1,0,0,0,4,0
1,3,0,1,30,1,1,6,0,1,0,35,1,0,0,1,2,1,12,33,0,0,15,1,8,5,0,7,1,1,0,0,9,0,0,1,0,3,4,0,29,0,30,4,5,1,10,0,14,28,5,5,0,149,1,0,0,0,0,0,61,0,0,0,2,1,3,1,2,4,8,5,15,2,0,0,2,17,5,18,8,4,8,16,0,57,0,2,3,0,7,54,41,0,16,1,2,1,12,0
1,0,3,1,0,0,0,0,1,0,1,0,0,0,0,10,0,0,0,0,0,0,0,0,0,2,3,0,0,8,0,5,0,0,17,0,0,1,0,2,1,0,0,1,2,5,0,3,1,0,0,2,0,1,16,3,0,1,3,0,0,0,0,4,2,3,0,2,0,1,1,0,0,0,0,12,0,0,1,2,4,0,0,1,0,0,0,0,1,0,0,0,0,3,0,2,0,1,3,0
0,0,0,0,0,0,0,0,0,0,36,0,9,155,0,3,0,0,1,0,39,23,0,0,0,0,0,0,13,2,0,0,1,0,4,0,13,0,3,0,0,76,0,22,5,0,1,0,0,0,0,0,27,0,0,0,0,33,1,0,0,42,19,13,7,0,0,16,0,0,0,0,0,0,60,1,26,0,4,0,0,0,0,1,13,0,21,0,4,33,0,0,2,2,0,0,0,73,0,31
0,0,0,0,0,0,0,0,0,0,5,0,0,2,0,0,0,0,0,0,0,0,0,0,0,0,0,0,0,0,0,0,0,0,0,0,0,0,0,0,0,0,0,0,0,0,0,0,0,1,0,0,2,0,0,0,0,2,1,0,0,3,1,0,1,0,0,0,0,0,0,0,0,0,1,0,2,0,0,0,0,0,0,1,1,0,0,0,0,0,0,0,0,0,0,0,0,0,0,0
0,3,0,0,13,2,1,5,0,0,0,13,0,0,0,0,0,1,1,9,0,1,4,0,3,0,0,1,1,0,0,0,1,0,0,0,0,1,0,0,7,1,17,0,2,0,1,0,6,5,2,2,0,61,1,0,0,0,0,0,12,0,0,0,0,0,3,0,2,1,1,1,12,2,0,0,0,4,3,8,0,1,1,4,0,27,1,1,1,0,3,18,7,0,8,0,1,0,2,0
0,9,0,0,10,2,2,6,0,0,0,5,0,0,0,0,8,4,9,24,0,0,17,0,19,1,0,2,0,0,0,0,4,0,0,0,0,0,0,0,13,0,44,1,0,0,3,0,79,9,6,0,0,21,0,0,0,0,0,0,4,0,0,0,0,0,0,0,3,1,0,5,51,0,0,0,0,11,0,1,0,0,16,4,0,9,0,2,0,0,2,6,5,0,123,0,4,0,3,0
0,11,0,0,27,1,0,11,1,1,0,24,1,0,0,0,1,1,7,27,0,0,8,0,1,1,0,0,0,0,0,0,2,0,0,0,0,1,2,0,28,0,33,0,5,1,4,0,17,40,8,8,0,121,0,0,1,1,0,0,56,0,0,1,1,1,3,2,2,4,6,3,16,1,0,0,1,19,1,14,4,1,18,11,0,44,1,0,4,0,6,52,28,1,15,5,0,0,11,1
0,0,1,0,3,0,0,0,0,0,21,0,6,160,0,2,0,0,0,0,40,17,0,0,0,0,1,0,19,2,0,0,0,0,2,0,7,0,1,0,1,84,0,28,9,0,0,0,0,0,0,0,24,1,0,0,0,27,2,0,0,36,26,10,10,0,0,7,0,0,3,0,0,0,64,3,29,1,7,0,0,0,0,1,14,0,19,0,5,33,0,0,0,8,0,0,0,66,0,28
0,0,0,0,0,0,0,0,0,0,36,0,3,131,0,1,1,0,1,0,39,15,0,0,0,0,0,0,26,0,0,1,1,0,0,0,5,0,2,0,1,70,1,20,4,0,0,0,0,0,0,0,17,0,4,0,0,29,2,0,1,29,17,9,11,0,0,15,0,0,4,0,0,0,56,2,20,0,2,2,0,0,0,1,12,0,8,0,17,49,0,0,0,1,0,0,2,66,1,26
0,19,0,0,7,1,0,3,0,0,0,7,1,0,0,0,6,2,17,24,0,2,12,0,21,1,0,2,0,0,0,0,7,0,0,0,0,2,0,0,10,0,48,0,0,1,0,0,71,6,7,4,0,22,0,1,0,0,0,0,7,0,0,0,0,0,1,0,1,2,1,5,64,0,0,0,0,8,0,2,3,0,10,1,0,10,0,1,0,0,3,5,3,0,109,1,3,0,2,0
0,0,0,0,1,0,0,0,0,0,19,0,5,86,0,1,0,1,0,0,32,12,0,0,0,0,1,0,15,1,0,0,0,0,0,0,7,0,1,0,1,44,0,16,6,0,0,0,0,1,0,0,18,0,1,0,0,25,0,0,0,18,28,10,7,0,0,4,0,0,3,0,0,0,46,1,15,0,4,0,1,0,0,0,9,0,5,0,6,19,0,0,1,2,0,0,0,53,2,15
0,9,0,1,29,3,1,8,0,0,0,34,2,0,0,1,2,1,4,23,0,0,16,1,4,2,0,1,1,1,2,0,3,1,1,1,0,1,2,0,22,0,29,1,2,6,4,1,17,26,4,6,0,110,0,0,1,1,0,0,52,1,0,0,1,0,4,1,2,3,3,3,22,0,0,0,1,13,5,18,2,1,9,16,0,48,0,2,0,0,10,49,20,0,13,1,1,0,10,1
0,0,0,1,0,0,0,1,0,0,15,1,3,107,0,1,0,0,0,0,19,12,0,0,0,1,1,0,10,1,0,0,0,0,1,0,6,0,2,0,0,53,0,14,6,0,0,0,0,0,0,0,16,0,1,0,0,19,0,0,0,26,17,9,4,0,0,10,1,0,5,0,0,0,44,0,18,1,3,0,2,0,0,0,14,1,12,0,9,35,0,0,0,2,0,0,0,39,2,15
0,0,0,0,0,0,0,0,0,1,8,0,3,69,0,3,0,0,0,0,11,1,0,1,0,0,1,0,5,0,0,0,0,0,0,0,2,0,0,0,0,30,0,5,2,0,0,0,0,0,0,0,9,0,2,0,0,16,0,0,0,16,10,7,1,0,0,10,0,0,0,0,0,0,23,1,9,2,2,1,1,0,0,0,1,0,4,0,4,20,0,0,1,3,0,0,0,30,0,12
0,0,0,0,0,0,0,0,0,0,0,0,0,0,0,0,0,0,0,0,0,0,0,0,0,0,0,0,0,0,0,0,0,0,0,0,0,0,0,0,0,0,0,0,0,0,0,0,0,0,0,0,1,0,0,0,0,0,0,0,0,0,0,1,0,0,0,0,0,0,0,0,0,0,0,0,0,0,0,0,0,0,0,0,0,0,0,0,0,0,0,0,0,0,0,0,0,0,0,0
0,0,0,0,0,0,0,0,0,0,48,0,0,11,0,1,0,0,0,0,1,3,0,0,0,0,1,0,1,3,0,1,0,0,2,0,16,0,0,0,0,18,0,4,2,0,0,0,0,0,0,0,31,0,1,0,0,12,1,0,0,17,8,3,13,0,0,11,0,0,2,0,0,0,15,2,2,0,0,0,2,0,0,0,3,0,2,0,2,7,0,0,0,7,0,0,0,7,1,2
0,0,0,0,5,0,0,1,0,1,0,6,1,0,0,0,0,1,0,3,0,0,4,0,1,0,0,1,0,0,0,1,2,0,0,0,0,0,0,0,2,0,7,2,1,0,2,0,2,6,1,1,0,13,0,0,0,0,0,0,12,0,0,0,0,0,1,0,0,1,1,0,0,0,0,0,0,3,1,0,2,0,1,1,0,5,0,0,2,0,2,10,3,0,1,0,1,0,3,0
6,0,14,12,0,0,0,0,4,0,3,0,0,2,1,25,0,1,0,1,0,0,0,2,0,9,9,0,0,23,7,10,0,0,97,3,7,0,0,5,0,1,1,4,2,12,1,14,0,0,0,8,1,0,55,7,0,1,12,1,1,2,0,10,12,11,2,8,0,0,8,0,0,2,0,39,0,0,6,4,14,0,1,0,0,0,1,0,3,0,1,0,0,37,0,6,0,0,4,0
1,4,0,0,22,2,2,7,0,0,0,31,2,0,0,1,3,5,4,19,0,1,13,1,7,0,0,3,1,1,0,0,9,0,0,0,0,1,1,0,12,0,31,2,4,1,3,0,19,31,3,8,0,104,0,0,1,2,0,0,36,1,0,2,2,0,1,1,0,4,7,4,18,0,0,0,0,17,2,12,3,1,7,6,0,42,0,1,0,0,5,37,25,1,14,4,2,0,12,1
0,0,0,0,0,0,0,0,0,0,71,0,0,16,0,2,0,1,0,0,2,1,0,0,0,0,1,0,4,4,0,0,1,0,1,0,17,0,0,0,0,20,0,9,1,0,0,0,0,0,0,0,48,0,7,0,0,16,0,0,0,16,9,8,11,0,0,12,0,0,0,0,0,1,21,6,8,0,1,0,1,0,0,1,4,0,1,0,1,8,0,0,0,2,1,1,0,7,0,2
0,1,0,0,3,0,0,1,0,1,0,2,1,0,0,0,1,0,2,3,0,0,3,0,0,0,0,0,0,0,0,0,0,0,0,0,0,0,1,0,1,0,3,0,0,0,2,0,1,7,1,0,0,17,0,0,0,0,0,0,7,0,0,0,0,0,0,0,0,0,0,0,2,0,0,0,1,0,0,1,1,0,0,1,0,6,0,0,0,0,0,6,3,0,1,0,1,0,1,1
0,5,0,0,2,0,0,2,0,0,0,0,0,0,0,0,1,3,4,7,0,0,6,0,3,0,0,1,0,0,0,0,2,0,0,0,0,0,1,0,2,0,18,0,1,0,0,0,26,1,0,1,0,4,0,0,1,0,0,0,4,0,0,0,0,0,0,0,2,0,1,1,16,0,0,0,0,4,0,0,0,0,6,0,0,5,0,0,2,0,2,1,2,0,40,0,2,0,1,0
0,0,0,0,0,0,0,0,0,0,10,1,4,72,0,3,0,0,0,0,22,9,0,0,0,0,0,0,17,0,0,0,0,0,2,0,5,0,0,0,0,41,0,12,2,0,0,0,0,0,1,0,16,0,0,0,0,14,0,0,0,12,7,5,5,0,0,9,0,0,1,0,0,0,32,0,15,1,0,0,0,0,0,0,6,0,8,0,5,30,0,0,0,4,0,0,0,40,0,12
0,5,0,0,26,1,4,4,0,1,1,40,3,0,0,0,3,2,4,27,0,2,9,0,8,3,0,6,1,0,0,1,6,1,1,1,0,3,7,0,23,0,38,0,5,2,5,1,11,23,4,4,1,135,0,0,0,0,0,1,33,0,0,3,0,1,6,2,3,6,5,6,6,0,0,0,0,16,5,13,2,3,5,8,0,56,1,1,1,0,1,56,20,1,22,0,2,0,9,0
0,0,0,0,0,0,0,0,0,0,7,0,2,25,0,1,0,0,0,0,5,3,0,0,0,0,1,0,7,0,0,0,0,0,0,0,1,0,0,0,1,19,0,3,2,0,0,0,0,0,0,0,1,0,0,1,0,4,0,0,0,7,4,5,2,0,0,3,0,0,0,0,0,0,10,0,4,1,1,0,0,0,0,1,6,0,2,0,2,7,0,0,1,4,0,0,0,17,0,8
10,0,13,21,1,0,0,0,2,1,3,3,2,1,2,42,0,0,0,2,1,0,0,10,0,3,8,0,0,26,4,12,0,0,168,2,20,2,0,6,0,5,0,2,7,19,2,17,0,1,0,16,5,0,96,6,0,6,26,4,4,5,0,21,26,15,3,16,0,1,9,0,0,0,0,47,2,0,3,9,15,3,0,5,0,2,0,0,2,0,0,1,1,49,0,10,0,5,5,1
9,0,13,7,1,0,1,0,1,1,2,2,0,1,1,18,0,0,0,0,0,0,0,1,0,3,4,0,0,14,2,12,0,0,73,2,8,1,1,3,0,1,0,3,2,8,1,10,0,3,0,2,3,0,46,2,0,7,13,1,0,3,0,5,10,14,0,9,0,0,6,0,0,0,0,24,2,0,5,4,4,2,0,2,0,1,0,0,3,0,0,0,2,20,0,1,0,0,7,1
13,0,16,15,0,0,1,1,3,1,2,1,0,0,2,24,0,1,0,0,0,0,0,4,0,12,8,0,1,23,3,15,0,0,129,1,12,1,1,8,0,1,0,6,8,10,3,12,0,1,1,5,8,1,59,4,0,4,21,0,1,5,0,13,13,15,7,11,0,2,9,0,0,4,2,52,1,1,4,4,24,0,0,6,0,0,0,0,3,1,1,0,0,48,0,4,0,2,6,1
0,6,0,0,33,1,2,12,0,1,0,29,1,2,0,0,4,3,10,28,0,0,12,0,9,1,0,2,1,1,0,0,10,0,0,2,0,0,1,0,29,0,48,0,5,4,3,0,15,38,5,6,1,153,0,0,0,2,0,0,63,2,0,0,1,1,4,0,1,5,6,4,21,1,0,0,1,13,5,18,6,1,6,13,0,50,1,1,2,0,12,56,22,1,23,0,0,0,11,0
0,0,0,0,0,0,0,0,0,0,24,0,0,6,0,1,0,0,0,0,1,0,0,0,0,0,0,0,1,0,0,0,0,0,0,0,3,0,0,0,0,5,0,1,2,0,0,0,0,0,0,0,14,0,0,0,0,2,0,0,0,3,5,3,4,0,0,4,0,0,0,0,0,0,7,1,0,0,0,0,0,0,0,0,2,0,1,0,0,0,0,0,0,1,0,0,0,2,0,0
0,1,0,0,3,0,1,2,0,0,0,6,0,0,0,0,0,0,0,2,0,0,1,0,2,1,0,1,0,0,0,0,0,0,1,0,0,0,0,0,3,0,9,0,0,1,1,0,3,8,3,1,0,19,0,0,0,0,0,0,6,0,0,0,0,0,0,0,1,3,2,1,4,0,0,0,0,0,2,0,1,0,2,2,0,5,0,0,2,1,2,8,2,1,1,0,0,0,5,0
0,0,0,0,0,0,0,0,0,0,18,0,7,92,0,8,0,0,0,0,22,16,0,0,0,0,0,0,14,0,0,1,0,0,0,0,1,0,1,0,0,51,0,14,3,0,0,0,0,0,0,0,12,1,3,0,0,23,0,0,0,24,13,7,4,0,0,16,1,0,2,0,0,0,48,1,18,0,1,0,1,0,0,1,16,0,11,0,4,33,0,1,0,4,0,0,0,45,2,15
0,0,0,0,1,0,0,0,0,0,21,0,7,105,0,1,0,0,0,0,23,11,0,0,0,0,0,0,11,1,0,0,1,0,0,0,4,0,1,0,0,52,0,8,1,0,0,0,0,0,0,1,17,0,1,0,0,19,0,0,1,18,13,10,9,0,0,9,0,0,2,0,0,0,42,0,15,0,4,0,1,0,0,0,4,1,6,0,6,22,0,0,0,3,0,0,0,48,1,16
0,3,1,0,12,1,0,2,0,0,0,16,2,0,0,0,1,2,4,16,0,0,9,1,1,0,0,2,0,1,0,1,3,1,0,0,0,2,1,0,19,0,18,2,2,3,2,0,13,20,3,5,0,73,0,0,0,0,0,0,18,1,0,0,0,0,1,0,1,1,1,5,4,1,0,1,0,3,3,8,2,2,3,6,0,21,0,0,2,0,1,25,18,0,17,1,0,1,7,1
0,0,0,0,0,0,0,0,0,0,2,0,0,1,0,0,0,0,0,0,0,0,0,0,0,0,0,0,1,0,0,0,0,0,0,0,2,0,0,0,0,1,0,0,0,0,0,0,0,0,0,0,1,0,0,0,0,0,0,0,0,0,0,0,1,0,0,1,0,0,0,0,0,0,1,0,0,0,0,1,1,0,0,0,1,0,0,0,0,0,0,0,0,0,0,0,0,0,0,0
0,1,0,0,7,0,0,1,0,0,0,7,0,0,0,0,0,0,1,5,1,0,1,0,1,0,0,3,0,0,0,0,2,0,0,0,0,0,2,0,7,0,5,0,3,0,1,0,5,4,1,1,0,35,1,0,0,0,0,0,7,0,0,0,0,0,0,1,1,1,1,2,2,1,0,0,0,3,1,3,1,0,2,3,0,15,0,0,0,0,1,13,9,0,5,0,0,0,1,0
0,0,0,0,0,0,0,0,0,0,2,0,1,15,0,0,0,0,0,0,4,3,0,0,0,0,0,0,3,0,0,0,0,0,0,0,1,0,0,0,0,8,0,0,1,0,0,0,0,0,0,0,0,0,1,0,0,0,0,0,0,1,3,0,1,0,0,0,0,0,0,0,0,0,4,0,2,0,0,0,0,0,0,1,1,0,1,0,0,1,0,0,0,0,0,0,0,4,0,2
0,0,0,0,0,0,0,0,0,0,145,1,2,29,0,7,0,0,0,0,8,5,0,0,0,0,2,0,4,7,0,0,0,0,3,0,27,0,0,0,0,56,0,11,3,0,0,0,0,1,0,0,133,0,5,0,0,39,4,0,0,33,22,13,17,0,0,26,0,0,1,0,0,0,52,9,12,0,7,0,3,0,0,1,8,0,7,0,6,15,0,0,1,7,0,1,1,21,0,5
0,0,0,0,1,0,0,0,0,0,183,0,0,47,1,11,0,0,0,0,8,4,1,0,0,0,4,0,3,5,0,0,0,0,6,0,37,0,1,0,0,70,0,10,5,2,0,2,0,0,0,0,127,0,8,0,0,38,3,0,1,42,21,23,13,1,0,18,0,1,2,0,0,0,34,8,10,1,4,0,1,0,0,2,14,1,7,0,4,16,0,0,0,17,0,0,0,27,4,12
4,0,5,3,0,0,0,0,0,1,0,0,0,0,0,8,0,0,0,0,0,0,0,1,0,1,3,0,0,3,0,4,0,0,31,3,2,0,0,0,0,1,0,0,0,1,0,5,0,1,0,1,1,0,17,1,0,2,2,2,0,1,0,4,4,4,4,2,0,0,1,0,0,0,0,8,0,0,0,0,10,1,0,0,0,0,0,0,0,0,0,0,0,15,0,1,0,1,1,0
14,0,12,12,1,0,0,0,9,3,5,5,0,1,1,35,0,0,0,0,1,0,0,3,0,14,15,0,1,21,3,15,1,0,126,5,19,2,0,7,1,0,0,4,8,20,2,22,0,1,0,7,3,2,88,5,0,9,12,0,1,4,2,19,28,13,6,11,0,3,8,0,0,4,1,53,6,1,5,5,16,5,0,9,0,0,1,1,1,1,0,2,1,41,0,8,0,3,2,0
0,0,0,0,0,0,0,0,0,0,11,0,1,48,0,0,0,0,0,0,8,4,0,0,0,0,0,0,2,0,0,0,0,0,2,0,1,0,0,0,1,27,0,10,3,0,0,0,0,0,0,0,13,0,1,0,0,9,0,0,0,16,2,5,1,0,0,3,0,0,1,0,0,0,14,1,6,0,0,0,0,0,0,0,4,0,4,0,3,16,0,0,0,2,0,0,0,20,2,13
2,0,3,2,1,0,0,0,2,0,0,1,0,0,0,17,0,0,0,0,0,0,0,1,0,0,6,0,0,8,2,3,0,0,23,0,3,0,0,0,0,0,0,1,2,1,0,4,0,0,0,2,2,0,15,0,0,2,5,1,1,1,0,2,8,4,2,2,0,0,2,0,0,1,0,5,0,0,1,2,4,0,0,1,0,0,0,0,0,1,0,0,1,8,0,0,0,0,2,0
0,5,2,0,34,1,2,11,0,0,0,29,1,1,0,1,3,1,8,26,0,2,12,1,2,4,0,4,0,0,0,0,8,1,0,1,0,3,4,0,23,1,38,2,5,2,9,0,13,39,6,3,0,143,1,0,1,0,0,0,34,2,0,1,0,0,6,2,0,3,7,6,17,1,0,0,1,17,5,10,6,2,12,20,0,55,1,1,3,0,10,51,27,1,21,3,0,1,7,1
12,0,21,15,0,0,0,2,6,2,2,3,1,1,3,38,0,0,0,0,1,1,0,6,0,10,6,0,0,31,4,21,0,0,150,3,24,2,0,14,0,3,0,5,9,13,5,18,0,3,1,12,6,0,84,7,0,8,29,1,1,3,2,13,19,20,2,9,0,1,6,1,1,5,1,55,1,1,8,8,21,0,0,6,0,2,0,0,1,0,1,2,0,55,1,9,0,4,3,2
7,0,22,22,1,0,1,0,7,5,5,1,0,1,1,39,0,0,0,0,0,0,0,4,0,7,11,0,1,31,4,16,0,0,147,2,16,2,0,6,2,2,0,6,5,13,2,20,1,3,0,8,6,0,74,4,0,6,11,1,0,7,1,19,30,22,8,10,0,3,9,0,0,2,0,57,1,0,5,6,18,1,0,7,0,0,1,0,2,0,0,0,0,41,0,8,0,2,3,0
0,9,0,0,10,1,1,4,0,0,0,5,1,0,0,0,10,1,14,27,0,0,11,0,22,0,0,1,0,1,0,0,4,0,0,0,0,0,2,0,12,0,39,0,1,0,2,0,75,5,4,0,0,19,0,0,1,0,0,0,3,0,0,0,0,0,0,0,1,1,1,2,54,0,0,0,0,6,3,1,1,1,21,2,0,13,0,1,0,0,2,5,11,0,97,1,1,0,1,0
7,0,10,10,1,0,0,0,2,0,1,0,0,1,0,30,0,0,0,0,0,0,0,1,1,3,6,0,1,9,1,11,0,0,57,1,7,0,0,3,1,1,0,1,5,3,1,8,0,1,0,8,0,0,32,3,0,3,5,0,1,3,0,6,10,8,4,13,0,0,7,0,0,0,1,26,0,1,1,1,12,0,0,1,0,0,0,0,2,0,0,0,1,26,0,3,0,0,2,0
0,0,0,0,0,0,0,0,0,0,5,0,2,37,0,1,0,0,0,0,10,1,0,0,0,0,0,0,1,0,0,0,0,0,0,0,1,0,0,0,0,17,0,6,0,0,0,0,0,0,0,0,5,0,0,0,0,7,0,0,0,7,2,2,0,0,0,7,0,0,0,0,0,0,19,1,7,0,0,1,0,0,0,1,4,0,4,0,0,4,0,0,0,2,0,0,0,20,1,6
0,3,0,0,1,0,0,1,0,0,0,1,2,0,0,0,1,0,1,9,0,0,5,0,4,0,0,0,0,0,0,0,1,1,0,0,0,0,2,0,1,0,10,0,0,1,0,0,15,4,3,0,0,1,0,0,0,0,0,0,1,1,0,0,0,0,0,0,0,0,0,1,11,0,0,0,0,2,0,0,0,0,1,0,0,3,0,0,0,0,1,3,3,0,28,0,1,0,1,0
0,1,0,0,6,2,0,1,0,0,0,5,0,0,0,0,0,0,4,4,0,0,4,0,1,0,0,1,0,0,0,0,0,0,0,0,0,0,0,0,8,0,6,0,2,0,1,0,1,3,1,0,0,12,0,0,0,0,0,0,7,1,0,0,0,0,0,0,0,0,1,0,3,0,0,0,0,0,2,3,0,0,0,2,0,10,0,0,0,0,2,10,0,0,1,0,0,0,2,0
1,7,0,0,9,1,0,4,0,0,0,8,0,0,0,0,5,0,15,18,0,0,7,0,18,0,0,5,0,0,0,0,4,0,0,0,0,0,0,0,15,0,38,0,1,0,0,0,55,3,0,2,0,6,0,0,0,0,0,0,4,1,0,0,0,0,0,0,2,0,1,2,45,0,0,0,0,14,1,1,0,0,13,0,0,9,0,2,1,0,3,8,4,0,82,0,5,0,7,0
0,5,0,1,34,0,0,7,0,0,0,23,0,0,0,0,4,1,6,19,0,0,9,0,3,0,0,3,0,0,1,0,4,0,0,0,0,1,1,0,19,0,24,3,5,0,3,2,8,30,5,4,1,124,0,0,0,0,0,0,49,0,0,1,0,0,0,0,4,6,5,6,10,4,0,0,0,17,4,13,3,1,7,9,0,45,2,2,1,0,8,43,29,0,8,2,2,0,10,0
0,0,0,0,8,0,0,3,0,1,0,9,0,0,0,0,0,1,4,8,1,1,10,0,1,0,0,1,0,0,0,0,3,0,0,0,0,0,1,0,11,0,18,1,3,2,1,0,5,16,3,3,0,44,0,0,0,0,0,0,14,0,0,0,1,0,1,0,0,1,3,2,6,0,0,0,0,10,1,4,1,0,4,8,0,15,0,1,1,0,6,10,11,0,8,1,0,0,4,0
0,3,1,2,30,2,2,11,0,0,1,40,0,0,0,1,1,2,5,21,1,0,22,0,4,2,0,2,1,0,1,0,5,2,0,0,1,4,3,1,20,0,43,1,6,3,4,0,16,24,4,8,0,137,0,0,0,0,0,0,61,0,0,2,0,0,4,0,3,4,4,6,16,1,0,0,1,11,2,6,5,2,10,18,0,64,1,2,3,0,3,56,24,3,27,2,0,1,16,0
0,1,0,0,0,0,0,0,0,0,0,2,0,0,0,0,0,0,1,1,0,0,0,0,0,0,0,0,0,0,0,0,0,0,0,0,0,0,0,0,3,0,3,0,0,0,0,0,2,1,0,0,0,4,0,0,0,0,0,0,1,0,0,0,0,0,0,0,0,0,0,1,0,0,0,0,0,2,0,0,0,0,0,1,0,1,0,0,0,0,0,1,0,0,0,0,0,0,0,0
0,0,0,0,0,0,0,0,0,0,20,0,5,107,0,3,0,1,0,0,33,7,0,0,0,0,1,0,15,2,0,0,0,0,0,0,7,0,2,1,0,59,0,12,2,0,0,0,0,0,0,0,18,0,1,0,0,17,0,0,0,21,16,11,6,1,0,9,2,0,4,0,0,0,42,1,24,0,2,0,0,0,0,1,8,0,11,0,5,35,0,0,1,2,0,0,0,54,1,25
0,0,0,0,0,0,0,0,0,0,93,0,2,20,0,8,0,0,0,0,5,4,0,0,0,0,1,0,1,5,0,0,1,0,4,0,17,0,0,0,1,43,0,5,3,0,0,0,0,0,0,1,85,0,3,0,0,29,2,0,0,27,10,19,13,1,0,3,0,0,4,0,0,0,10,5,9,0,5,1,1,0,0,0,3,0,6,0,2,12,0,0,0,5,0,0,0,15,1,3
7,0,18,13,0,0,0,1,3,1,5,2,1,1,1,35,0,0,0,0,2,0,0,2,0,8,7,0,1,20,3,11,0,0,124,3,15,1,0,2,0,1,0,2,5,15,2,19,0,2,0,6,4,2,52,4,0,5,9,2,2,5,0,9,11,12,2,14,0,0,6,0,0,6,0,47,3,0,1,5,18,2,0,2,1,1,2,1,3,1,0,1,0,34,0,2,0,1,3,2
0,0,0,0,0,0,0,0,0,0,21,0,0,7,0,2,0,0,0,0,2,0,0,0,0,0,0,0,2,1,0,0,0,0,0,0,3,0,1,0,0,12,0,2,0,1,0,0,0,0,0,0,15,0,2,0,0,9,0,0,0,6,1,3,2,0,0,5,0,0,0,0,0,0,1,1,1,0,0,0,0,0,0,0,2,0,0,0,0,0,0,0,0,1,0,1,0,3,0,0
0,10,0,0,3,1,0,3,0,0,0,3,0,0,0,0,5,1,11,23,0,0,6,0,10,0,0,2,0,0,0,0,1,0,0,1,0,0,1,0,11,0,18,0,1,0,1,0,41,2,2,0,0,6,0,0,0,0,0,0,1,0,0,0,0,0,0,0,0,0,0,5,22,0,0,0,1,1,0,2,0,0,10,2,0,6,0,2,0,0,2,5,7,1,69,0,0,0,1,0
0,0,0,0,3,0,0,0,0,0,36,0,7,148,0,4,0,0,0,0,38,6,0,0,0,0,1,0,27,2,0,0,2,0,2,0,7,0,3,0,1,73,0,22,10,0,0,1,0,0,0,0,18,0,1,0,0,32,1,0,1,42,16,18,7,1,0,13,1,0,3,1,0,0,70,2,36,1,9,1,1,0,0,1,19,0,21,0,8,37,0,1,0,4,0,1,0,70,1,32
0,0,0,0,1,0,0,0,0,0,14,0,3,116,0,3,0,1,0,0,18,10,0,0,0,0,0,0,5,1,0,0,0,0,0,0,3,0,0,0,0,44,0,11,3,1,0,1,0,0,0,1,15,1,2,0,0,25,0,0,0,24,9,11,7,0,0,8,0,0,5,0,0,0,30,1,14,1,6,1,0,0,0,1,11,0,13,0,2,37,0,1,2,2,0,0,0,47,2,20
0,0,0,0,16,0,0,2,0,0,0,13,0,0,0,0,1,0,3,11,0,0,6,0,0,2,1,1,0,0,0,0,3,0,0,1,0,1,0,1,13,0,12,0,2,0,0,0,2,16,1,4,0,56,1,0,0,0,0,0,23,0,0,1,0,0,1,0,0,2,2,0,6,0,0,0,0,6,0,7,1,2,3,9,0,20,1,2,2,0,6,17,16,0,7,0,3,0,4,0
0,1,0,1,12,2,2,3,0,0,0,16,0,0,0,1,1,2,4,19,0,0,7,0,2,0,0,4,0,0,0,0,3,0,0,0,0,0,3,0,16,0,13,0,3,0,2,0,13,16,2,0,0,58,0,0,0,0,0,2,17,0,0,0,1,0,0,1,0,2,3,3,8,0,0,0,0,7,1,5,1,1,10,9,0,27,0,1,1,0,2,31,15,0,7,0,1,0,9,0
4,0,10,21,0,0,0,0,2,2,3,0,1,2,0,21,0,0,0,0,1,0,0,1,0,7,6,0,0,19,2,13,0,0,93,1,15,0,1,8,1,0,0,6,7,8,2,18,0,3,0,11,6,1,69,6,0,6,14,2,0,4,1,13,11,20,5,9,0,0,6,0,0,2,1,36,2,0,3,3,20,2,0,8,0,1,1,1,2,0,0,1,1,43,0,6,0,1,5,2
0,0,0,0,0,0,0,0,0,0,34,0,6,113,0,1,0,0,0,0,27,12,0,0,0,0,2,0,16,1,0,1,1,0,1,0,2,0,0,0,0,56,0,12,1,0,0,0,0,0,0,1,24,1,2,0,0,26,0,0,1,35,13,12,6,0,0,11,0,0,3,0,0,0,51,0,13,1,6,0,2,0,0,2,10,0,7,0,10,30,0,0,3,3,0,0,0,64,5,19
0,0,0,0,1,0,0,0,0,0,31,0,2,88,0,1,0,0,0,0,25,12,0,1,0,1,1,0,16,1,0,0,0,0,1,0,6,0,4,0,0,50,0,10,4,1,0,0,0,1,0,1,18,0,5,0,0,22,0,0,0,30,17,16,1,0,0,10,0,0,1,0,0,0,56,2,22,1,5,1,1,0,0,1,9,1,9,0,5,35,0,0,0,2,0,0,0,54,2,22
0,0,0,0,0,0,0,0,0,1,35,0,6,135,0,5,0,0,0,0,31,15,0,0,0,0,0,0,28,1,0,0,1,0,0,0,7,0,2,0,0,62,0,31,2,0,0,0,0,0,0,0,28,1,2,0,0,27,0,0,0,40,11,10,2,0,0,8,2,0,4,0,0,0,76,1,29,0,2,2,0,2,0,2,14,1,17,0,5,45,0,0,1,8,0,1,0,59,1,31
0,0,0,0,0,0,0,0,0,0,102,0,0,20,0,10,0,0,0,0,6,2,0,0,0,0,1,0,4,3,1,0,0,0,0,0,15,0,1,0,1,31,0,3,0,3,0,0,0,1,0,0,62,0,4,0,0,20,4,0,0,18,6,11,7,0,0,11,0,0,1,0,0,0,15,2,6,0,2,0,0,0,0,4,2,0,0,0,3,7,0,0,1,6,0,0,0,15,3,8
0,8,0,0,13,1,0,4,0,1,0,9,0,0,0,0,10,2,23,27,0,0,12,0,35,1,0,12,1,0,0,0,6,1,1,0,0,1,1,0,20,0,65,0,1,0,2,0,106,8,5,2,0,20,0,0,0,0,0,1,11,0,0,0,1,0,0,2,2,2,1,5,108,0,0,0,0,10,0,4,0,0,22,2,0,20,1,2,1,0,7,12,10,0,136,0,5,0,5,0
0,0,0,0,0,0,0,0,0,0,107,0,0,20,0,6,0,0,0,0,8,1,0,0,0,2,1,0,4,2,2,0,0,0,4,0,15,0,1,2,0,52,0,8,2,1,1,3,0,0,0,0,74,0,2,1,0,36,0,0,0,24,17,22,24,0,0,12,1,0,1,0,0,0,19,3,8,0,2,0,1,0,0,1,7,1,4,0,4,9,0,0,1,11,0,0,0,19,0,9
0,0,1,0,2,0,0,0,0,0,33,0,8,135,0,2,0,0,0,0,31,15,0,0,0,0,0,0,15,1,0,0,0,0,2,0,6,0,1,0,1,76,0,20,5,0,0,0,0,0,0,0,25,0,4,0,0,24,1,0,0,33,12,8,10,0,0,13,0,0,1,0,0,0,59,1,18,0,8,0,0,0,0,2,9,0,12,0,7,37,0,0,0,6,0,0,0,64,0,22
0,3,0,0,1,0,0,0,0,0,0,4,0,0,0,0,0,0,3,7,0,0,6,0,2,0,0,1,0,0,0,0,1,0,0,0,0,0,3,0,2,0,5,0,0,0,0,0,14,2,1,0,0,6,0,0,0,0,0,0,3,0,0,0,0,0,1,0,0,0,0,1,11,0,0,0,0,0,0,1,0,0,4,0,1,3,0,0,0,0,0,0,1,0,15,0,2,0,0,0
0,0,0,2,1,0,0,0,0,0,137,0,0,26,0,10,0,0,0,0,6,6,0,0,0,0,2,0,5,5,0,1,0,0,2,0,33,0,0,1,0,48,0,7,4,1,0,0,0,0,0,0,87,0,10,0,0,47,3,0,0,44,19,29,17,2,0,21,0,0,1,0,0,0,32,12,7,0,5,0,0,0,0,0,10,0,2,0,4,23,0,0,0,6,0,0,0,15,0,7
0,0,0,0,0,0,0,0,0,0,0,1,0,0,0,0,0,0,0,2,0,0,0,0,0,0,0,0,0,0,0,0,1,0,0,0,0,0,0,0,1,0,5,0,0,0,0,0,2,0,0,0,0,1,0,0,0,0,0,0,1,0,0,0,0,0,1,0,0,0,0,0,1,0,0,0,0,1,0,0,0,0,0,0,0,0,1,0,0,0,0,0,0,0,2,0,0,0,0,0
10,0,29,14,1,0,0,0,2,3,7,2,1,1,1,40,0,0,2,0,0,2,0,1,1,5,8,0,0,21,3,9,0,1,135,3,16,0,0,4,0,2,0,5,8,15,1,17,0,2,0,7,3,2,72,10,0,3,10,0,2,6,0,21,24,18,1,9,1,0,13,0,0,2,0,56,1,0,1,4,18,4,0,5,0,0,3,0,5,0,0,2,1,44,0,10,0,1,4,1
0,0,1,1,0,0,0,1,0,0,184,0,3,36,0,10,0,0,0,0,5,0,0,0,0,2,4,0,6,10,0,1,1,0,4,1,35,0,0,1,0,49,0,12,3,0,0,1,0,0,0,0,127,0,4,1,0,39,3,0,1,40,23,34,22,0,0,25,0,0,2,0,0,0,31,6,17,0,3,2,3,0,0,1,6,0,3,0,5,17,0,0,0,10,0,0,0,23,0,6
1,7,1,0,30,0,1,10,0,0,0,30,0,0,0,1,1,1,11,27,1,1,7,0,8,2,0,1,1,1,0,0,7,0,0,0,0,3,2,0,31,0,41,1,7,1,6,0,17,28,10,6,0,135,0,2,1,0,0,2,50,0,0,1,1,0,4,0,3,3,3,8,26,4,1,0,0,15,1,18,7,7,9,17,0,61,0,1,4,0,14,64,33,0,23,2,2,0,7,2
0,0,0,0,0,0,0,0,0,0,22,0,0,77,0,4,0,0,0,0,20,9,0,0,0,0,0,0,9,0,0,0,0,0,2,0,5,0,2,0,0,43,0,11,2,0,0,0,0,0,0,0,13,0,2,0,0,11,0,0,0,14,10,4,5,2,0,11,0,0,4,0,0,0,39,3,6,0,3,0,0,0,0,0,7,0,15,0,6,16,0,0,0,1,0,0,0,34,0,8
0,0,1,0,3,0,0,0,0,0,20,0,3,97,0,0,0,0,0,0,27,14,0,0,0,0,0,0,15,2,0,0,0,0,0,0,5,0,2,0,0,52,0,17,0,0,0,0,0,0,0,0,18,0,1,0,0,17,0,0,0,15,16,8,4,0,0,7,0,0,1,0,0,0,38,1,24,2,7,1,1,0,0,0,4,1,13,0,3,23,0,1,0,3,0,0,0,45,2,19
0,0,0,0,0,0,0,0,0,0,25,0,4,122,0,0,0,0,0,0,26,17,0,0,0,0,0,0,19,1,0,0,1,0,2,0,4,0,0,0,1,60,0,19,0,1,0,0,0,0,0,0,15,0,0,0,0,25,0,0,0,23,12,14,4,0,0,10,0,0,1,0,0,0,45,1,16,1,2,1,0,0,0,0,10,0,19,0,5,24,0,0,0,4,0,0,0,36,1,16
0,0,0,0,0,0,0,0,0,0,12,0,4,40,0,0,0,0,0,0,7,8,0,0,0,0,0,0,3,0,0,0,0,0,2,0,1,0,0,0,0,23,0,8,0,0,0,0,0,0,0,0,11,0,0,0,0,12,0,0,1,6,5,6,1,0,0,9,0,0,2,0,0,0,18,1,8,1,4,0,1,0,0,1,2,0,3,0,2,10,0,0,0,0,0,0,0,20,0,6
3,0,2,3,0,0,0,1,1,1,1,0,0,0,0,5,0,0,0,0,0,0,0,0,0,1,1,0,0,2,1,1,0,0,25,0,5,0,0,1,0,1,0,0,2,4,0,2,0,0,0,1,0,0,20,1,0,0,6,0,1,0,0,1,3,1,1,4,0,0,1,0,0,0,0,3,0,0,0,1,1,0,0,1,0,0,1,0,1,1,0,0,0,9,1,2,0,0,1,0
0,0,0,0,0,0,0,0,0,0,0,0,0,0,0,0,0,0,0,0,0,0,0,0,0,0,0,0,0,0,0,0,0,0,0,0,0,0,0,0,0,0,0,0,0,0,0,0,0,0,0,0,1,0,0,0,0,0,0,0,0,0,0,0,0,0,0,0,0,0,0,0,0,0,0,0,0,0,0,0,0,0,0,0,0,0,0,0,0,0,0,0,0,0,0,0,0,0,0,0
0,5,0,0,29,1,1,6,1,1,1,34,1,2,0,0,4,1,11,31,0,3,14,0,5,1,0,5,0,0,0,1,6,0,1,0,0,4,2,0,27,0,33,0,5,0,5,0,21,36,1,7,1,155,0,0,1,0,0,0,56,0,0,0,0,1,3,1,1,2,10,2,18,3,0,0,0,18,3,19,2,2,12,22,0,65,0,2,4,0,8,55,40,1,20,0,0,1,14,2
4,0,7,13,0,0,1,0,1,0,3,1,0,1,0,18,0,0,0,0,0,1,0,3,0,4,4,0,0,11,1,9,0,0,77,2,16,1,0,8,0,0,0,1,2,7,1,9,0,1,0,5,2,0,49,3,1,9,7,2,0,5,0,5,15,12,5,8,0,0,2,0,0,3,0,26,1,0,2,4,6,1,0,3,0,0,1,0,2,0,0,1,0,35,0,6,0,1,1,0
0,5,0,1,32,3,5,5,0,2,0,36,1,0,0,0,1,1,8,28,1,1,14,0,3,3,0,6,0,0,0,0,7,1,1,1,0,2,4,0,20,0,41,1,8,0,6,0,19,27,4,7,0,133,0,0,0,0,0,0,47,2,0,0,1,0,3,1,0,6,6,6,16,0,0,0,1,15,5,9,3,0,7,12,0,46,2,3,4,0,8,55,29,1,16,2,1,2,11,0
0,1,0,0,15,1,0,2,0,0,0,15,0,0,0,0,1,0,4,7,0,0,14,0,4,2,0,2,0,0,0,0,2,0,0,0,0,1,0,0,5,0,18,0,2,1,1,0,9,17,0,1,0,73,0,0,0,1,0,0,23,0,0,0,0,0,1,0,0,2,2,1,11,1,0,0,0,8,4,1,4,1,0,6,0,26,1,0,1,0,1,18,13,0,7,1,0,0,9,0
0,6,0,1,23,1,1,7,0,2,1,22,0,0,0,0,0,3,7,20,0,0,11,0,1,2,0,2,0,0,1,0,5,0,0,0,0,3,2,0,14,1,27,1,3,0,4,0,16,21,3,3,0,100,0,0,1,0,0,0,32,2,0,0,1,1,1,0,1,2,7,3,7,3,0,1,0,16,6,20,2,2,7,15,0,46,0,1,1,0,4,37,21,0,14,0,1,1,13,0
0,1,0,0,0,0,0,0,0,0,0,0,0,0,0,0,1,0,0,0,0,0,0,0,0,0,0,0,0,0,0,0,0,0,0,0,0,0,0,0,1,0,1,0,0,0,0,0,4,0,0,0,0,0,0,0,0,0,0,0,0,0,0,0,0,0,0,0,0,0,0,0,3,0,0,0,0,0,0,0,0,0,1,0,0,2,0,0,0,0,0,1,1,0,6,0,0,0,1,0
0,8,0,0,1,0,0,0,0,0,0,1,0,0,0,0,7,0,8,9,0,0,8,0,8,0,0,5,0,0,0,0,3,0,0,1,0,0,1,0,6,0,31,0,2,0,1,0,38,2,1,1,0,10,0,0,0,0,0,0,5,0,0,0,0,0,0,0,0,1,1,0,22,0,0,0,0,4,0,0,0,0,6,1,0,7,0,0,0,0,2,4,1,0,50,0,1,0,0,0
11,0,20,22,2,0,1,0,5,1,6,1,1,3,1,48,0,0,0,0,2,0,0,7,0,10,13,0,0,34,4,17,0,0,158,5,10,3,0,4,0,4,1,2,8,20,1,24,1,2,0,4,6,0,92,9,2,5,24,1,4,10,1,21,21,20,4,12,0,1,9,0,1,3,1,41,1,1,8,13,18,3,0,5,0,0,0,1,6,0,0,0,1,44,0,7,0,3,6,1
0,0,0,0,0,0,0,0,0,0,4,0,1,14,0,0,0,0,0,0,7,3,0,0,0,0,0,0,2,0,0,0,0,0,0,0,0,0,0,0,0,10,0,2,0,0,0,0,0,0,0,0,5,0,0,0,0,2,0,0,1,3,3,2,0,0,0,2,0,0,0,0,0,0,7,0,3,0,1,0,0,0,0,0,2,0,1,0,4,5,0,0,0,1,0,0,0,10,0,6
0,5,0,0,25,1,2,6,0,2,0,28,2,0,0,1,3,2,8,16,0,1,14,0,4,1,0,2,1,0,0,0,5,0,1,0,0,2,1,0,31,0,34,2,9,1,6,0,17,42,3,6,0,139,1,0,0,0,0,0,37,2,0,0,1,0,5,0,1,3,5,7,18,2,0,1,0,20,3,10,3,2,7,6,0,40,0,1,4,0,7,50,21,1,24,1,0,0,10,0
0,2,0,0,1,0,0,0,0,0,0,4,0,0,0,0,0,0,1,1,0,0,1,0,1,0,0,1,0,0,0,0,2,0,0,0,0,0,0,0,4,0,2,0,2,2,1,0,2,3,0,0,0,10,0,0,0,0,0,0,2,0,0,0,0,0,1,0,0,1,1,0,2,0,0,0,0,3,0,4,0,0,0,0,0,7,1,0,0,0,2,3,3,0,4,1,0,0,2,0
0,10,2,0,4,1,1,2,0,0,0,7,0,0,0,0,8,2,15,31,0,1,22,0,12,0,0,4,1,0,0,0,6,0,0,0,0,0,0,0,18,0,36,0,0,0,0,0,78,4,3,0,0,11,0,0,0,0,0,0,6,0,0,0,0,0,0,0,1,1,2,2,64,0,0,0,2,11,2,0,0,1,17,3,0,18,2,1,0,0,5,11,6,0,111,0,0,0,4,0
0,0,0,0,0,0,0,0,0,0,4,0,3,16,0,0,0,0,0,0,1,2,0,0,0,0,0,0,0,0,0,0,0,0,0,0,0,0,0,0,0,3,0,4,1,0,0,0,0,0,0,0,2,0,0,0,0,2,0,0,0,1,3,1,0,0,0,0,0,0,0,0,0,0,6,0,1,0,1,0,0,0,0,0,2,0,1,0,0,5,0,0,0,0,0,0,0,6,0,5
0,5,0,0,33,0,3,7,0,2,0,36,2,0,0,0,5,2,7,36,0,0,17,0,4,2,0,7,1,0,0,1,16,1,0,1,0,1,2,0,33,0,36,2,7,2,5,0,15,45,7,3,0,156,0,0,0,1,0,0,53,1,0,1,1,0,3,1,3,4,6,5,19,1,0,1,1,24,7,21,2,1,7,17,0,73,2,3,3,0,4,57,27,1,29,3,2,0,10,0
5,0,11,8,2,0,0,0,0,2,2,0,0,1,1,34,0,0,0,0,0,0,0,3,0,4,4,0,1,14,2,7,0,0,66,2,1,1,0,3,0,0,0,1,3,9,0,9,0,0,0,4,1,0,34,3,0,3,10,1,0,4,1,2,8,15,2,3,0,2,0,0,0,3,0,19,0,0,1,7,4,0,0,1,0,1,1,0,1,0,0,2,0,24,0,2,0,1,2,1
0,0,1,0,1,0,0,0,0,0,14,0,4,62,0,2,0,0,0,0,18,9,0,0,0,0,0,0,11,2,1,0,0,0,0,0,4,0,3,0,1,38,0,8,4,0,0,0,0,0,0,0,11,0,0,0,0,14,0,0,0,15,12,9,3,0,0,3,1,0,2,0,0,0,23,3,19,0,1,0,0,0,0,0,7,0,6,0,5,24,0,2,0,2,0,1,0,33,1,16
1,0,0,1,3,0,0,1,1,0,0,3,0,0,0,0,0,1,0,3,0,0,2,0,0,1,0,0,0,0,0,0,1,0,0,0,0,0,0,0,1,0,4,0,0,0,0,0,2,6,1,1,0,18,0,1,0,0,0,0,9,0,0,0,0,0,0,0,0,2,1,0,0,0,0,0,0,1,0,0,0,0,0,4,0,6,0,0,1,0,2,10,3,0,5,0,0,0,3,0
0,1,0,0,0,1,0,0,0,0,0,0,0,0,0,0,1,0,0,2,0,0,0,0,3,0,0,0,0,0,0,0,0,0,0,0,0,0,0,0,0,0,2,0,0,0,0,0,4,0,0,0,0,1,0,0,0,0,0,0,0,0,0,0,0,0,0,0,0,0,0,0,4,0,0,0,0,0,0,0,0,0,0,0,0,1,0,0,0,0,0,0,1,0,4,0,0,0,1,0
0,9,0,0,7,0,0,3,0,1,0,6,1,0,0,0,6,5,11,27,0,0,16,0,21,0,0,2,0,0,0,0,5,0,0,0,0,0,1,0,11,0,55,0,2,0,0,0,69,5,1,1,0,14,0,0,0,0,0,0,6,0,0,0,0,0,0,0,3,0,2,2,63,0,0,0,0,13,1,0,1,0,13,1,0,9,0,2,0,0,5,8,10,0,106,0,1,0,1,0
0,0,0,1,1,0,0,0,0,0,34,0,7,169,0,4,0,1,0,0,27,19,1,0,0,0,0,0,24,1,0,0,1,0,3,2,4,0,1,0,0,71,0,27,8,0,0,0,1,0,0,0,25,0,1,0,0,28,0,0,0,24,19,12,6,0,0,17,2,0,4,0,0,0,64,0,25,1,3,1,0,1,0,2,15,1,19,0,7,39,0,0,1,4,0,0,0,59,1,28
8,0,12,18,1,1,1,0,3,2,1,1,1,0,0,18,0,0,0,0,0,0,1,3,0,5,5,0,1,17,1,5,0,0,78,5,17,0,0,3,2,0,0,1,2,11,1,13,0,2,0,3,2,0,64,2,0,4,12,1,3,1,0,8,13,8,5,5,0,0,5,1,0,3,0,35,1,0,2,0,9,1,0,2,0,1,0,0,3,0,1,1,1,29,0,3,0,2,3,0
0,0,0,0,0,1,0,0,0,0,23,0,5,107,0,1,0,0,0,0,27,14,0,0,0,0,0,0,11,0,0,0,0,0,1,0,2,0,0,0,1,50,0,13,2,0,0,1,0,0,0,0,18,0,0,0,0,18,1,0,0,15,14,7,6,0,0,10,1,0,2,0,0,0,42,0,24,2,2,1,0,0,0,0,12,1,11,0,4,19,0,0,1,5,0,0,0,46,1,17
0,0,2,0,0,0,0,0,0,0,24,0,6,136,0,4,0,0,0,0,36,16,0,0,0,2,0,1,19,2,0,0,0,0,2,0,10,0,0,0,0,55,0,15,4,0,0,0,0,0,0,0,14,0,0,0,0,27,0,0,0,24,14,15,5,2,0,7,2,0,3,0,0,0,72,3,26,0,8,1,1,0,0,2,12,0,13,0,5,34,0,0,1,3,0,1,0,69,0,25
2,0,6,9,0,0,1,0,1,0,1,1,0,0,1,21,0,0,0,1,0,0,0,0,0,3,3,0,1,7,0,3,0,0,57,2,6,1,0,2,0,0,0,1,3,8,0,5,0,1,0,7,5,0,19,1,0,4,7,1,0,2,0,12,9,8,1,4,0,0,6,0,0,3,0,23,1,0,1,3,4,0,0,1,0,0,1,0,1,0,0,0,0,22,0,5,0,1,3,1
0,3,0,0,13,0,0,1,0,0,0,11,0,0,0,0,2,0,5,10,0,0,6,0,3,1,0,3,0,0,0,0,6,0,0,0,0,2,1,0,6,0,19,0,0,1,0,0,4,16,5,3,0,51,0,1,0,0,0,0,13,0,0,0,1,0,1,0,2,2,2,4,12,0,0,0,0,11,3,8,2,1,5,6,0,19,0,1,3,0,2,23,11,0,9,0,1,0,5,0
0,0,0,0,1,0,0,0,0,0,182,1,2,40,0,14,0,0,0,0,5,8,0,0,0,0,4,0,7,7,0,0,0,0,6,0,29,0,0,0,0,69,0,15,5,0,0,3,0,0,0,0,139,0,10,0,0,39,1,0,0,42,21,31,18,1,0,30,0,0,0,0,0,0,37,10,11,0,7,1,1,0,0,0,13,1,3,0,6,12,1,0,1,11,0,2,0,25,3,5
0,13,0,0,10,0,2,4,0,0,0,4,0,0,0,0,6,1,16,32,0,0,16,0,13,2,0,3,1,0,1,0,6,0,0,0,0,0,0,0,15,0,51,1,3,0,2,0,102,7,6,3,0,20,0,0,0,0,0,0,10,0,0,0,0,0,1,0,4,1,2,2,74,0,0,0,1,16,2,4,0,0,15,1,0,19,0,0,0,0,4,10,8,0,132,1,5,0,4,0
0,11,1,0,10,0,1,5,0,0,0,6,0,0,0,0,10,3,18,20,0,0,15,0,15,1,0,7,0,0,0,0,6,0,0,0,0,1,1,0,11,0,34,0,1,0,0,0,88,3,3,2,0,7,0,0,0,0,0,0,8,0,0,0,0,0,1,0,3,0,4,0,48,0,0,0,0,13,2,0,1,2,9,4,0,13,0,2,1,0,4,7,5,0,117,0,6,0,0,0
0,1,0,0,0,0,0,0,0,0,0,1,0,0,0,0,0,0,0,1,0,0,2,0,0,0,0,0,0,0,0,0,0,0,0,0,0,0,0,0,2,0,4,0,0,0,0,0,4,0,0,0,0,2,0,0,0,0,0,0,1,0,0,0,0,0,1,0,1,0,0,0,8,0,0,0,0,2,0,0,0,0,2,0,0,0,0,0,0,0,0,0,2,0,10,0,1,0,1,0
0,0,0,0,1,0,0,0,0,0,24,0,10,128,0,2,0,1,0,0,27,14,0,0,0,0,1,0,14,1,0,0,1,0,0,0,2,0,0,0,0,50,0,10,5,0,0,0,0,0,0,0,18,0,2,0,0,27,1,0,0,26,19,11,8,0,0,10,1,0,2,0,0,0,35,3,20,2,10,2,0,0,0,2,18,0,8,0,5,32,0,0,0,4,0,0,0,53,1,15
0,8,0,0,7,0,0,5,0,0,0,4,0,0,0,0,3,4,13,34,0,1,12,0,14,0,0,3,0,0,1,0,4,0,0,0,0,0,0,0,15,0,42,1,1,0,2,0,62,4,3,0,0,16,0,0,0,0,0,0,7,1,0,1,0,0,0,0,1,1,2,0,61,0,0,0,0,11,0,3,0,1,10,2,0,9,0,0,2,0,5,13,6,0,100,0,2,0,3,0
0,0,0,2,0,0,0,0,0,0,16,0,5,155,0,6,0,0,0,0,20,12,0,0,0,0,1,0,24,0,0,1,0,0,3,0,10,0,2,0,1,71,0,26,7,0,0,0,0,0,0,0,22,0,2,1,0,26,1,0,0,29,19,16,7,0,0,22,0,0,3,0,0,0,50,4,27,0,8,1,1,0,0,3,8,0,18,0,4,35,0,0,0,0,0,0,0,56,2,24
6,0,5,7,0,0,0,0,1,2,1,3,0,1,0,16,0,0,0,1,0,0,1,3,0,4,3,0,0,7,2,6,0,0,85,1,8,0,0,3,0,1,0,1,3,9,0,9,0,2,0,1,1,0,52,2,0,5,4,1,0,0,0,3,9,6,3,14,0,0,4,0,0,4,0,22,1,0,2,1,5,0,0,2,0,0,0,0,0,1,0,0,0,13,0,4,0,1,4,0
0,0,0,0,1,0,0,0,0,1,32,0,10,167,0,4,0,0,0,0,42,27,0,0,0,0,2,0,21,0,0,0,0,0,2,0,8,0,2,0,3,86,0,22,3,0,0,0,0,0,0,0,20,0,5,0,0,24,0,0,1,38,24,15,15,1,0,17,0,0,0,0,0,0,54,2,29,0,11,2,2,0,0,1,20,0,16,0,3,49,0,0,2,5,0,0,0,75,2,27
0,0,0,0,0,0,0,0,0,0,11,1,3,46,0,1,0,0,0,0,17,8,0,0,0,0,0,1,5,0,1,0,0,0,1,0,2,0,1,0,0,24,0,4,0,0,0,0,0,0,0,0,13,0,0,0,0,10,1,0,0,8,7,6,2,0,0,10,0,1,1,0,0,0,17,0,10,0,2,0,2,0,0,0,8,0,2,0,3,16,0,0,1,1,0,0,0,19,0,11
0,4,0,0,3,2,2,2,0,0,0,3,1,0,0,0,2,1,8,17,0,0,8,0,8,0,0,3,0,0,0,0,6,0,0,0,0,0,1,0,4,0,22,0,1,0,0,0,42,3,0,0,0,12,1,0,1,0,0,0,4,0,0,0,0,0,0,0,1,1,0,1,25,0,0,0,0,7,0,1,1,1,7,1,0,5,0,2,0,0,4,7,4,0,73,0,1,0,1,0
10,0,25,16,1,0,0,0,4,1,3,1,2,2,0,43,0,0,0,0,0,0,2,6,0,9,14,0,1,20,4,19,1,0,146,3,25,1,0,11,0,1,0,2,8,13,2,20,0,1,0,9,5,1,78,6,0,8,9,2,0,9,0,17,24,16,8,5,0,1,8,0,0,3,2,63,1,0,5,7,18,1,0,6,0,0,0,1,5,0,0,1,0,52,0,3,0,1,6,2
0,0,1,0,0,0,0,0,0,0,0,0,0,0,0,1,0,0,0,0,0,0,0,0,0,0,0,0,0,1,1,0,0,0,2,0,0,0,0,0,0,0,0,0,0,0,0,0,0,0,0,0,0,0,0,0,0,0,0,0,0,0,0,1,0,0,0,0,0,0,0,0,0,0,0,0,0,0,0,0,0,0,0,0,0,0,0,0,0,0,0,0,0,2,0,0,0,0,0,0
0,0,0,0,0,0,0,0,0,0,108,0,1,30,0,7,0,0,0,0,6,3,0,1,0,0,1,0,1,9,0,1,0,0,2,0,22,0,1,0,0,55,0,11,1,0,0,0,0,0,0,0,94,1,4,0,0,42,3,0,0,31,9,23,13,1,0,18,1,0,3,0,1,1,22,4,8,0,4,0,0,0,0,0,4,0,5,0,4,14,0,0,0,8,0,0,1,15,1,5
0,0,0,0,0,0,0,0,0,0,4,0,1,11,0,0,0,0,0,0,3,4,0,0,0,0,0,0,0,0,0,0,0,0,0,0,0,0,0,0,0,10,1,1,0,0,0,0,0,0,0,0,4,0,0,0,0,4,0,0,0,3,1,0,0,0,0,0,0,0,1,0,0,0,7,0,6,0,0,0,0,0,0,0,1,0,0,0,0,7,0,0,0,0,0,0,0,8,0,1
0,11,0,0,4,1,0,3,0,0,0,5,0,0,0,0,1,1,10,23,0,0,12,0,13,1,0,7,0,0,0,0,3,0,0,0,0,0,3,0,7,0,48,1,1,1,0,0,59,3,4,0,0,17,0,0,0,0,0,0,5,0,0,0,0,0,0,0,1,0,0,3,43,0,0,0,0,8,1,2,1,1,13,2,0,11,1,2,1,0,5,8,7,0,86,0,5,0,1,1
0,9,0,0,18,0,1,3,0,0,0,23,1,0,0,1,1,3,5,16,0,0,13,1,5,0,0,2,0,0,0,0,6,0,0,0,0,1,1,0,15,1,21,2,2,2,2,0,10,16,1,8,0,80,0,0,0,0,0,0,28,1,0,0,0,0,3,0,0,1,4,3,8,0,0,0,0,7,4,7,5,1,6,6,0,26,0,1,2,0,6,45,12,0,14,0,1,0,8,0
0,17,0,0,10,3,1,7,0,1,0,5,0,0,0,0,7,3,24,44,0,0,21,0,31,0,0,8,0,0,0,0,11,1,0,0,0,0,2,0,22,0,75,0,0,0,2,0,129,6,4,2,0,32,0,1,1,0,0,0,13,0,0,0,0,0,2,0,2,0,2,4,78,0,0,0,1,28,3,3,1,0,14,3,0,25,0,1,2,0,5,8,9,0,175,1,3,1,2,1
0,2,0,0,14,1,3,3,0,1,0,20,0,0,0,0,1,3,6,13,0,0,11,0,0,0,0,2,0,0,0,0,4,0,1,0,0,0,0,0,10,0,23,3,6,0,0,1,4,20,3,4,0,76,0,2,0,0,0,0,27,0,0,0,1,0,2,1,1,2,2,0,14,1,0,0,0,8,2,13,1,0,6,12,0,35,0,1,3,0,4,41,14,0,7,1,2,0,4,1
2,1,3,3,0,0,0,0,3,0,1,1,0,0,1,5,0,0,0,0,0,0,0,0,0,0,0,0,0,6,1,3,0,0,40,0,7,0,0,0,0,1,0,1,2,3,1,5,0,1,0,1,1,0,18,2,0,6,3,1,1,1,0,3,3,4,0,3,0,1,1,0,0,1,0,17,0,0,0,0,1,1,0,2,0,0,0,0,0,0,0,0,0,8,0,3,0,0,0,0
0,0,0,0,0,0,0,0,0,0,4,0,0,13,0,0,0,0,0,0,5,0,0,0,0,0,0,0,0,0,0,0,0,0,1,0,0,0,1,0,0,2,0,2,0,0,0,0,0,0,0,0,3,0,0,0,0,1,0,0,0,4,4,0,0,0,0,3,0,0,0,0,0,0,3,0,1,0,0,0,0,0,0,0,0,0,0,0,0,5,0,0,0,0,0,0,0,1,0,2
1,8,0,1,32,1,3,5,1,0,0,40,1,0,0,0,3,1,7,29,0,0,19,0,8,2,0,3,0,0,2,0,4,0,0,0,0,4,3,1,31,0,37,2,5,4,5,0,23,41,4,8,0,145,1,0,0,0,0,0,52,0,0,0,0,0,4,0,1,2,12,8,18,2,1,0,2,14,4,12,3,2,4,16,0,64,2,0,4,0,14,51,31,2,28,2,2,1,10,1
7,0,21,16,0,0,0,0,2,2,7,2,0,1,1,30,0,0,0,0,0,0,0,2,0,7,8,0,1,22,4,11,1,0,133,4,25,2,1,6,0,4,1,3,9,11,1,20,0,2,0,9,5,0,66,4,0,5,22,1,1,5,0,21,19,17,3,13,0,1,7,0,0,2,1,38,2,0,1,6,25,1,0,1,0,0,1,0,7,0,0,1,0,29,0,9,0,1,5,1
0,2,0,0,3,0,0,0,0,0,0,1,1,0,0,0,2,0,8,9,0,0,3,0,5,0,0,1,0,0,0,0,2,0,0,0,0,0,0,0,3,0,9,0,0,0,0,0,18,0,1,0,0,3,0,0,0,0,0,0,0,0,0,0,0,0,1,0,0,1,1,0,15,0,0,0,0,3,0,1,0,0,2,1,0,7,0,0,0,0,1,3,0,0,28,0,2,0,1,0
0,1,0,1,1,0,0,0,0,0,17,0,2,104,0,3,0,0,0,0,16,7,0,0,0,0,1,2,12,1,0,0,0,0,2,0,8,0,0,0,0,44,0,9,3,1,0,0,0,0,0,0,18,0,1,0,0,20,0,0,0,24,8,12,5,0,0,15,1,0,1,0,0,0,52,2,24,0,7,0,0,0,0,1,7,0,15,0,7,36,0,0,1,3,0,1,0,65,0,23
0,2,0,0,6,0,0,3,0,0,0,7,1,0,0,0,0,0,5,6,0,0,6,0,1,0,0,0,0,0,0,0,1,1,0,0,0,0,0,0,8,0,7,1,0,0,2,0,4,7,4,1,0,26,0,0,0,0,1,0,13,0,0,0,0,0,0,0,0,1,2,3,7,0,0,0,0,4,1,2,0,0,3,2,0,15,0,1,0,0,3,8,7,1,4,0,0,0,10,0
0,0,0,0,0,0,0,0,0,0,17,0,3,54,0,0,0,0,0,0,16,9,0,0,0,0,0,0,14,0,0,0,0,0,0,0,3,0,0,0,0,37,0,15,3,0,0,0,0,0,0,0,13,0,1,0,0,18,0,0,0,10,11,4,7,0,0,6,0,0,2,0,0,0,16,1,10,0,1,0,0,0,0,0,9,0,6,0,2,12,0,0,0,1,0,0,0,30,0,12
1,0,0,0,0,0,0,0,0,0,105,0,0,15,0,6,0,0,0,0,2,1,0,0,0,0,1,0,2,4,0,0,0,0,2,0,15,0,0,0,0,32,0,7,0,1,0,0,0,1,0,1,53,0,6,0,0,29,1,0,0,15,11,22,9,0,0,10,0,0,1,0,0,0,13,2,6,0,0,0,0,0,0,1,9,1,3,0,1,12,0,1,0,7,0,0,0,18,1,3
6,0,4,4,0,0,0,0,3,0,1,0,0,0,0,12,0,0,0,0,0,0,0,1,0,4,3,0,0,6,2,5,0,0,38,3,8,2,0,2,0,2,0,1,1,8,0,5,0,0,0,0,2,0,22,3,0,0,4,0,0,1,0,3,4,5,1,3,1,0,2,0,0,1,0,17,3,0,1,1,4,1,0,2,0,0,1,0,0,0,0,1,1,12,0,2,0,3,1,1
2,0,7,8,1,0,0,0,1,0,4,0,0,1,2,13,0,0,0,0,1,0,1,2,0,3,4,0,0,15,4,9,0,0,75,0,9,0,0,6,0,1,1,2,1,7,0,7,0,0,0,3,4,0,41,4,1,5,5,1,1,1,1,15,12,6,2,6,1,0,4,0,0,3,0,36,4,0,2,5,16,2,0,5,0,0,0,0,2,0,0,0,0,25,0,5,0,0,4,0
5,0,5,3,0,0,1,0,3,3,0,0,0,1,0,20,0,0,0,0,0,1,0,1,0,3,1,0,1,6,0,6,0,0,49,1,5,0,0,1,0,1,0,4,3,9,0,6,0,1,0,5,1,0,27,1,0,1,8,0,1,1,0,11,9,8,1,4,0,0,1,0,0,2,0,17,1,0,1,2,4,1,0,3,0,1,2,0,1,0,0,0,0,28,0,2,0,0,2,0
0,0,0,0,0,0,0,0,0,0,29,0,11,112,0,1,0,0,0,0,30,14,0,0,0,0,2,0,10,0,0,0,0,0,0,0,5,0,1,0,1,69,0,16,3,1,0,1,0,0,0,0,18,0,1,0,0,26,0,0,0,42,34,15,13,1,0,14,3,0,4,0,0,0,44,3,28,0,9,2,1,0,0,1,9,1,17,0,8,34,0,0,1,1,0,0,0,68,0,18
0,0,0,0,0,0,0,0,0,0,29,0,3,135,0,2,0,0,0,0,18,11,0,0,0,0,2,0,21,3,0,0,0,0,3,0,11,0,1,0,0,61,0,13,3,0,0,0,0,1,1,2,20,0,4,0,0,13,1,0,0,22,20,9,7,0,0,13,0,0,3,0,0,0,52,1,25,2,8,0,0,0,0,2,15,1,14,0,3,32,0,0,0,7,0,0,0,65,2,29
0,8,0,0,35,0,2,7,1,0,0,30,3,0,0,1,0,4,3,18,0,2,10,0,6,3,0,1,0,0,0,0,4,0,0,0,0,1,1,0,29,1,38,1,3,1,5,0,18,31,4,4,0,105,0,0,1,1,0,0,43,0,0,0,1,0,2,1,0,3,13,3,18,0,0,0,0,15,7,12,3,3,8,8,0,48,0,2,4,0,8,50,27,0,16,1,1,1,14,1
0,15,0,0,9,2,0,6,0,0,0,10,0,0,0,0,2,6,26,40,1,0,24,0,28,0,0,4,0,0,1,0,7,0,0,0,0,2,2,1,20,0,64,0,1,0,2,0,104,8,8,1,0,31,0,0,0,0,0,0,7,0,0,0,0,0,1,1,2,1,1,5,86,0,0,0,0,12,0,2,0,0,26,0,0,18,1,2,0,0,3,15,15,0,136,0,5,0,3,1
9,0,19,6,2,0,0,0,4,1,3,0,1,3,3,35,0,0,0,0,0,3,0,1,0,3,11,0,0,16,2,13,0,0,105,0,13,1,1,8,0,0,0,1,4,9,0,15,0,0,0,10,5,0,67,3,1,3,12,4,2,5,0,10,17,10,10,14,0,2,3,0,0,0,0,33,2,0,2,5,12,1,0,6,0,2,1,0,1,0,1,0,1,35,1,6,0,0,7,0
0,0,0,0,0,0,0,0,0,0,32,0,0,7,0,2,0,0,0,0,1,1,0,0,0,0,0,1,2,1,0,0,0,0,0,0,5,0,2,0,0,11,0,4,0,0,0,0,0,1,0,1,21,0,1,0,0,15,2,0,0,7,4,7,3,0,0,7,0,0,1,0,0,0,10,1,2,0,0,0,1,0,0,0,4,0,3,0,0,5,0,0,0,2,0,0,0,6,0,1
0,0,0,0,1,0,0,0,0,1,85,0,1,14,0,6,0,0,0,0,7,3,0,0,0,0,0,0,3,4,0,0,0,0,0,0,15,0,0,1,0,27,0,2,3,0,0,0,0,0,0,1,48,0,4,0,0,20,0,0,0,20,9,16,8,2,0,10,0,0,1,0,0,0,17,5,4,0,1,0,0,0,0,2,6,0,5,0,3,9,0,0,2,2,0,0,0,7,1,7
0,0,0,0,0,0,0,0,0,0,62,0,0,15,0,5,0,0,0,0,2,2,0,0,0,0,1,0,3,2,0,0,1,0,1,0,15,0,0,0,0,27,0,4,0,0,0,0,0,1,0,2,42,0,4,0,0,14,1,0,0,7,10,17,6,0,0,7,0,0,0,0,0,0,12,6,2,0,1,0,0,0,0,1,5,0,2,0,0,13,0,0,0,7,0,0,0,7,1,4
1,0,0,1,0,0,0,0,1,0,166,0,3,34,0,12,0,0,0,0,9,4,0,0,0,0,0,0,9,8,0,0,0,0,2,0,15,0,1,0,1,63,0,8,4,0,0,0,1,2,0,0,135,0,7,0,0,57,3,0,0,37,16,32,11,0,0,31,0,1,5,0,0,0,43,5,9,2,5,0,0,0,0,0,8,0,5,0,2,13,0,0,0,12,0,0,0,26,1,5
0,1,0,0,10,0,0,3,0,0,0,12,1,0,0,0,0,0,5,11,0,0,1,0,1,1,0,1,0,1,0,0,5,2,1,0,0,1,3,0,9,0,7,0,2,1,2,1,5,6,1,0,0,36,0,0,0,0,0,1,8,0,0,0,0,0,0,0,0,0,4,2,3,0,0,0,0,2,1,4,2,1,1,2,0,16,0,0,1,0,2,9,7,0,8,0,1,0,0,0
0,0,0,0,1,0,0,0,0,0,26,0,8,121,0,2,0,1,0,0,34,10,0,0,0,0,0,0,18,0,0,2,0,0,0,0,4,0,1,0,0,45,1,10,3,0,0,0,0,0,0,0,20,1,0,0,0,24,0,0,1,24,11,10,8,1,0,16,1,0,2,0,1,0,44,2,29,0,3,0,0,0,1,0,8,0,11,0,3,32,1,0,0,2,0,0,0,45,1,18
0,0,1,0,0,0,0,0,0,0,7,0,1,1,0,0,0,0,0,0,0,0,0,0,0,0,0,0,1,1,0,0,0,0,0,0,1,0,0,0,0,0,0,0,0,0,0,0,0,0,0,0,3,0,0,0,0,1,0,0,0,1,0,0,2,0,0,1,0,0,0,0,0,0,0,1,0,0,1,0,0,0,0,0,2,0,0,0,0,0,0,0,0,1,0,0,0,1,0,0
0,8,0,0,4,1,0,0,0,0,0,3,1,1,0,0,2,4,8,18,0,1,8,0,25,1,0,5,0,0,0,0,4,0,0,0,0,1,1,0,8,0,39,1,1,1,2,0,65,0,4,0,0,7,0,0,0,0,0,0,9,0,0,0,0,0,0,0,0,0,1,2,44,0,0,0,0,11,0,2,1,1,8,4,0,7,0,1,0,0,6,4,11,0,80,0,3,0,1,0
0,0,0,0,0,0,0,0,0,0,72,0,1,14,0,1,0,0,0,0,4,1,0,0,0,0,0,0,2,3,0,0,0,0,4,0,13,0,0,0,0,32,0,1,0,0,0,0,0,0,0,0,42,0,1,0,0,22,1,0,0,7,12,9,6,0,0,7,0,0,3,0,0,0,9,3,6,0,1,1,2,0,0,1,4,0,2,0,2,6,0,0,1,6,0,0,0,7,0,2
0,2,0,0,16,0,1,4,0,0,0,17,0,0,0,1,0,0,7,18,0,0,7,0,2,0,0,3,0,0,0,0,2,0,0,0,0,0,1,0,11,0,21,1,4,0,3,0,10,17,1,6,1,81,0,1,1,0,0,0,19,0,0,0,0,0,2,0,0,0,4,3,7,1,0,0,0,9,0,7,1,2,7,8,0,31,0,1,2,0,8,33,21,2,7,0,1,1,8,0
13,0,17,24,1,2,0,0,9,2,7,2,0,2,2,37,0,0,0,0,1,0,0,7,0,8,8,0,2,22,4,8,1,0,149,3,15,1,0,10,0,1,0,4,10,11,0,20,0,3,0,8,4,0,93,8,1,11,13,2,1,8,0,13,21,19,9,14,0,0,8,0,0,0,1,57,2,0,2,4,20,2,0,5,1,0,0,1,2,0,0,2,1,42,0,4,0,2,9,1
0,3,0,0,1,1,0,1,0,0,0,3,2,0,0,0,0,0,0,3,0,0,2,0,1,0,0,1,0,0,0,0,0,0,1,0,0,0,1,0,2,0,3,0,0,1,2,0,2,6,0,0,0,13,0,0,0,0,0,0,4,0,0,0,0,0,0,0,0,0,0,3,1,2,0,0,0,1,1,2,0,0,2,0,0,4,0,0,0,0,1,5,4,0,0,0,0,0,1,0
0,2,0,0,16,1,1,5,0,0,0,25,0,0,0,1,0,2,6,11,0,0,13,0,2,2,0,2,0,1,0,0,1,0,0,1,0,1,1,0,22,1,21,0,3,2,7,0,5,26,3,3,0,80,0,1,2,0,0,0,26,0,0,0,1,0,5,0,1,3,2,5,11,1,0,0,1,5,6,11,6,2,5,7,0,42,0,1,3,0,6,24,20,4,14,1,2,0,11,0
5,0,12,10,1,0,1,0,1,3,1,0,0,1,4,13,0,0,0,0,0,0,1,4,0,6,2,0,0,18,1,6,0,0,68,3,6,0,0,1,0,2,1,1,4,9,0,16,0,0,0,1,1,1,43,5,2,3,9,0,1,0,0,4,10,6,2,4,0,0,1,1,0,1,0,25,0,1,3,3,5,0,0,3,0,0,0,1,1,0,0,1,1,29,0,5,0,1,2,1
0,1,0,0,1,0,0,1,0,0,0,1,0,0,0,0,3,0,1,4,0,0,2,0,3,0,0,1,0,0,0,0,1,0,0,0,0,0,0,0,1,0,11,0,0,0,0,0,9,0,1,0,0,0,0,0,0,0,0,0,0,0,0,0,0,0,0,0,0,0,0,0,9,0,0,0,0,4,0,1,0,0,1,0,0,0,0,0,0,0,1,0,1,0,16,0,0,0,0,0
0,0,0,0,0,0,0,0,0,0,15,0,1,69,0,2,0,0,0,0,17,6,0,0,0,0,0,2,8,1,0,0,0,0,0,0,3,0,1,0,0,29,0,10,3,0,0,0,0,0,0,1,10,0,0,0,0,9,0,0,0,11,12,7,1,0,0,9,0,0,2,0,0,0,14,1,8,0,3,2,0,0,0,0,7,0,6,0,10,24,0,0,0,2,0,0,1,43,0,15
13,1,13,15,2,0,0,0,7,0,0,1,0,3,1,39,0,0,1,0,1,1,0,0,0,6,8,1,0,23,3,5,0,0,130,2,14,1,0,6,0,1,0,1,7,8,2,15,0,4,0,10,10,1,59,9,0,6,12,2,4,1,0,12,11,21,1,15,0,1,4,0,0,5,2,50,2,0,3,4,12,3,0,7,0,0,1,0,4,1,0,1,0,44,0,12,0,0,7,1
0,0,0,0,1,0,0,0,0,0,14,0,2,86,0,2,0,0,0,0,17,7,0,0,0,0,1,1,11,0,0,0,0,0,0,0,5,0,0,0,0,44,0,6,5,0,0,0,0,0,0,0,8,0,1,0,0,16,0,0,0,20,10,10,3,0,0,12,0,0,1,0,0,0,40,0,15,0,3,0,0,0,0,1,4,0,7,0,3,19,0,0,0,4,0,0,0,37,0,13
0,4,0,1,15,1,0,4,0,0,0,9,1,0,0,0,0,0,7,12,0,0,6,0,2,1,0,2,1,0,0,0,2,1,1,1,0,1,0,0,5,0,17,3,1,2,4,0,5,17,2,4,0,61,0,0,0,0,0,0,25,1,0,0,0,0,1,0,0,2,6,3,7,1,0,0,0,8,4,5,4,1,6,4,0,27,0,0,4,0,3,15,10,0,12,1,0,0,6,0
0,0,0,0,0,0,0,0,0,0,7,0,1,21,0,1,0,1,0,0,8,3,0,0,0,0,0,0,4,0,0,0,0,0,0,0,0,0,0,0,0,13,0,4,0,1,0,0,0,0,0,0,6,0,0,0,0,10,0,0,0,2,4,1,1,0,0,2,0,0,0,0,0,0,11,0,6,1,1,0,0,0,0,1,2,0,2,0,1,2,0,0,0,1,0,0,0,11,1,5
0,0,0,1,0,0,0,0,0,0,0,0,0,0,0,0,0,0,0,0,0,0,0,0,0,0,0,0,0,0,0,0,0,0,2,0,1,0,0,0,0,0,0,1,0,0,0,0,0,0,0,0,0,0,2,0,0,0,0,0,0,0,0,0,0,0,0,0,0,0,0,0,0,0,0,1,0,0,0,0,0,0,0,1,0,0,0,0,0,0,0,0,0,1,0,0,0,0,0,0
0,0,0,0,0,0,0,0,0,0,4,0,1,34,0,1,0,0,0,0,11,3,0,0,0,0,0,0,5,0,0,0,0,0,0,0,2,0,1,0,0,10,0,3,0,0,0,0,0,1,0,0,1,1,1,0,0,5,0,0,1,6,3,3,2,0,0,3,0,0,0,0,0,0,23,0,11,0,3,0,0,0,0,0,2,0,4,0,0,7,0,0,0,1,0,0,0,17,0,3
0,6,0,0,9,0,0,3,0,0,0,3,1,0,0,0,11,1,6,22,0,0,9,0,11,1,0,7,0,0,0,0,2,1,1,0,0,0,1,0,14,0,34,0,0,0,0,0,48,2,6,1,0,13,0,0,0,0,0,0,7,0,0,0,0,0,0,0,2,1,0,4,55,1,0,0,0,8,2,0,0,0,12,2,0,5,0,0,0,0,0,7,4,0,85,1,5,0,0,0
0,14,0,0,5,2,0,8,0,0,0,11,1,0,0,0,11,5,20,33,0,1,18,0,21,0,0,8,0,0,0,0,10,1,1,0,0,0,1,0,20,0,66,0,0,0,2,0,111,7,7,1,0,18,0,0,0,0,0,0,7,0,0,0,0,0,2,0,3,2,2,0,79,0,0,0,0,12,3,2,4,0,12,0,0,13,0,1,2,0,7,8,11,0,142,0,4,0,2,0
0,14,0,1,12,1,0,6,0,0,0,3,0,0,0,0,10,0,13,23,0,0,24,0,15,0,0,1,0,2,0,0,7,0,0,0,0,0,1,0,15,0,51,1,0,0,2,1,88,2,1,0,0,14,0,0,1,1,0,0,9,0,0,0,0,0,1,0,3,0,2,5,76,0,0,0,0,6,3,0,0,0,12,3,0,15,0,3,0,0,8,7,6,1,117,1,2,0,3,0
1,0,0,0,0,0,0,0,0,0,106,0,0,23,0,8,0,0,0,0,10,3,0,1,0,0,1,0,2,4,1,0,0,0,3,0,21,0,0,0,0,39,0,8,2,0,0,0,0,1,0,0,63,0,3,0,0,33,2,0,0,28,8,17,13,1,0,10,0,0,1,0,0,0,22,5,8,0,3,0,0,0,0,1,6,0,0,0,0,14,0,0,1,5,0,0,0,13,0,3
15,0,21,25,0,0,2,1,8,0,5,2,1,2,0,44,0,0,0,1,0,2,0,6,1,5,13,0,0,28,1,14,0,0,137,1,19,2,0,9,1,3,0,7,3,14,2,16,0,2,1,6,2,1,90,7,0,6,16,1,1,8,0,19,22,19,7,11,0,0,2,1,0,2,2,59,1,1,0,11,22,4,0,6,1,0,0,0,0,0,0,0,0,41,0,6,0,0,4,1
0,0,0,0,1,0,0,0,0,0,21,0,2,123,0,4,0,0,0,0,30,17,0,0,0,0,0,0,15,0,0,0,0,0,2,0,5,0,1,0,1,42,0,19,2,1,0,0,0,0,0,1,13,0,1,0,0,20,0,0,0,21,16,7,7,0,0,8,0,0,1,0,0,0,48,1,21,0,3,0,0,1,0,0,10,0,14,0,5,30,0,0,1,1,0,0,0,54,2,18
0,1,0,0,0,0,0,0,0,0,7,0,0,36,0,0,0,0,0,0,6,3,0,0,0,0,0,0,2,1,0,0,0,0,1,0,1,0,0,0,0,16,0,3,1,0,0,0,1,0,0,0,9,0,0,0,0,7,0,0,0,5,5,2,1,0,0,4,0,0,2,0,0,0,6,1,5,0,3,0,1,0,0,0,3,0,7,0,2,7,0,0,0,0,0,0,0,18,0,4
0,0,0,0,3,0,0,0,0,0,23,0,5,118,0,2,0,0,0,0,29,11,0,0,0,0,1,0,18,2,0,0,0,0,2,0,6,0,2,0,0,82,1,10,4,1,0,0,0,0,0,0,25,0,1,0,0,34,0,0,0,30,19,9,9,0,1,20,0,0,4,0,0,0,60,3,24,1,9,0,0,0,0,1,7,2,18,0,10,43,0,0,1,4,0,0,0,60,1,23
1,2,2,1,21,2,0,3,0,0,0,25,2,1,0,0,1,2,11,13,0,0,15,0,6,2,0,5,1,0,1,0,5,1,0,0,0,0,0,1,15,0,31,1,4,2,2,0,19,26,3,5,0,97,0,0,0,0,0,0,39,0,0,0,2,0,5,1,1,3,5,4,18,1,0,0,3,17,3,11,3,1,6,12,0,38,1,3,4,0,15,34,26,1,14,3,0,1,6,0
16,0,23,21,3,0,1,0,6,1,3,3,0,0,1,37,0,0,0,2,0,3,0,7,0,15,12,0,0,20,2,16,0,1,163,3,19,2,0,3,0,2,0,2,11,17,1,21,0,1,0,6,7,0,91,12,1,7,19,2,0,8,1,13,26,24,2,20,0,0,9,1,0,3,0,51,1,0,6,6,23,3,1,10,0,1,2,0,3,1,0,0,1,51,0,6,0,1,8,1
0,0,0,1,0,0,0,0,0,0,0,0,0,0,1,1,0,0,0,0,0,0,0,0,0,1,0,0,0,2,0,2,0,0,3,0,2,0,0,0,0,0,0,0,0,0,0,2,0,1,0,0,0,0,5,0,0,0,0,0,0,0,0,1,2,1,0,0,0,0,0,0,0,0,0,7,0,0,1,1,1,0,0,0,0,0,0,0,0,0,0,0,0,2,0,0,0,0,0,0
1,0,0,0,0,0,0,0,0,0,81,0,2,21,0,5,0,0,0,0,3,5,0,0,0,0,0,0,6,4,1,0,0,0,2,0,10,0,0,0,0,35,0,6,1,0,0,0,0,0,0,0,66,0,3,0,0,18,1,0,0,16,8,6,10,0,0,9,0,0,1,0,0,0,18,7,6,0,3,1,0,0,0,1,0,0,3,0,2,6,0,0,0,2,0,0,0,12,1,2
0,2,1,1,24,0,1,3,0,1,0,18,1,0,0,0,1,3,2,24,0,0,9,0,4,2,0,2,0,0,1,0,4,0,0,0,0,2,2,0,15,0,25,0,4,0,2,1,5,27,2,7,1,85,0,0,0,0,0,0,27,0,0,0,0,0,1,1,1,2,3,3,12,2,0,0,0,8,4,9,7,3,4,6,0,28,1,0,2,0,7,29,22,1,13,2,3,0,9,0
0,6,0,0,5,1,0,1,0,0,0,2,0,0,0,0,2,0,7,19,0,0,6,0,11,0,0,7,1,0,0,0,3,0,0,0,0,0,0,0,12,0,31,0,1,0,0,0,44,3,0,1,0,8,0,0,0,0,0,0,1,0,0,0,0,0,0,0,1,0,1,3,33,0,0,0,0,3,1,1,0,0,5,2,0,4,0,0,0,0,4,3,4,0,69,0,5,0,1,0
0,4,2,1,14,0,1,6,0,2,0,19,0,0,0,1,2,1,8,21,0,0,7,0,0,0,0,2,0,0,1,0,3,0,0,0,0,0,0,0,11,0,17,0,2,0,0,0,15,21,6,1,1,78,1,1,0,0,0,0,35,0,0,0,0,0,2,0,3,0,1,3,8,0,0,1,0,5,2,7,2,0,5,10,0,22,0,2,1,0,2,23,21,1,9,0,0,1,11,0
7,0,14,18,0,0,1,0,2,1,2,1,1,2,3,30,0,0,1,1,1,3,1,6,0,5,9,0,1,19,1,14,0,0,109,1,19,2,0,12,0,0,1,1,4,13,1,17,0,2,0,5,8,0,68,6,1,9,21,1,0,3,0,14,26,13,5,10,0,0,8,0,0,4,0,56,3,0,1,5,24,1,0,4,0,0,1,0,3,0,0,0,1,45,0,7,0,2,6,1
8,0,7,14,0,0,1,0,10,0,5,1,0,1,1,27,0,0,0,0,0,0,0,4,0,4,9,0,2,20,3,9,0,0,95,0,16,0,0,8,1,0,0,2,4,14,2,22,0,0,0,7,2,0,64,6,0,10,25,1,5,5,0,8,17,16,5,8,0,2,9,0,0,2,0,38,1,1,4,5,22,3,0,4,0,1,1,0,3,1,1,0,1,34,0,4,0,0,2,0
0,13,0,0,10,1,0,4,0,0,0,4,1,0,0,0,12,4,21,37,0,1,18,0,24,0,0,4,0,0,0,0,12,0,0,0,0,0,0,0,21,0,67,1,1,0,1,0,105,5,4,0,0,24,0,0,1,0,0,0,8,1,0,0,0,0,1,0,0,0,2,1,71,0,0,1,0,11,0,3,1,1,27,3,0,15,1,1,1,0,9,12,15,0,160,0,4,0,2,0
0,7,0,0,29,1,1,5,0,1,0,34,0,1,0,0,4,1,5,29,0,0,15,0,7,2,0,2,0,0,1,0,8,0,0,0,0,1,3,0,19,0,26,3,6,3,2,0,10,29,3,6,0,98,0,0,0,0,0,0,41,0,0,0,0,0,4,0,1,3,5,4,13,2,0,0,1,21,2,12,4,4,7,16,0,35,2,2,2,0,4,42,29,3,20,0,0,3,6,0
3,0,1,1,0,0,0,0,1,1,0,0,0,0,0,5,0,0,0,0,0,0,0,0,0,1,1,0,0,2,0,2,0,0,13,1,1,0,0,1,0,0,0,0,0,1,0,2,0,0,0,1,1,0,11,0,0,3,0,0,0,2,0,1,4,2,1,2,0,0,0,0,0,1,0,6,1,0,0,1,4,0,0,0,0,0,0,0,1,1,0,0,0,5,0,1,0,0,0,1
2,0,0,3,0,0,0,0,0,0,189,0,4,34,1,6,0,0,0,0,11,4,0,0,0,0,1,0,5,8,1,0,1,0,6,0,25,1,0,0,0,65,0,10,4,0,0,0,0,0,0,1,111,0,2,1,0,38,0,0,0,35,30,28,11,1,1,33,0,0,1,0,0,0,34,6,12,0,3,1,2,0,1,2,13,0,10,0,6,19,0,0,0,7,0,0,0,24,3,5
0,11,0,0,8,0,3,8,0,0,0,5,1,0,0,0,8,3,17,31,0,0,8,0,19,0,0,6,0,0,1,0,8,0,0,0,0,3,0,0,13,0,39,0,0,1,0,0,77,8,9,2,0,17,0,0,1,0,0,0,5,0,0,0,0,1,0,0,1,2,1,1,60,1,0,0,0,8,2,0,0,1,20,4,0,7,0,0,1,0,9,12,4,0,117,0,4,0,1,0
0,0,0,0,0,0,0,0,0,0,0,0,0,4,0,1,0,0,0,0,1,1,0,0,0,0,0,0,0,0,0,0,0,0,0,0,1,0,0,0,0,1,0,2,0,0,0,0,0,0,0,0,1,0,1,0,0,0,0,0,0,1,0,0,0,0,0,0,0,0,0,0,0,0,2,0,0,0,0,0,0,0,0,0,1,0,0,0,0,1,0,0,0,0,0,0,0,2,0,1
0,0,0,0,0,0,0,0,0,0,10,0,0,25,0,0,0,0,0,0,4,1,0,0,0,0,1,0,1,0,0,0,0,0,0,0,0,0,0,0,0,5,0,8,2,0,0,0,0,0,0,0,4,0,0,0,0,3,0,0,0,8,2,1,2,0,0,2,0,0,0,0,0,0,8,0,5,1,0,0,0,0,0,0,2,0,1,0,1,5,0,0,0,0,0,0,0,9,0,1
0,0,1,0,1,0,0,0,0,0,137,0,3,30,0,13,0,0,0,0,6,3,0,0,0,0,5,0,2,7,0,0,0,0,4,0,22,0,0,0,1,47,0,8,4,2,0,1,0,0,0,0,88,0,5,0,0,32,3,0,0,34,11,20,15,0,0,17,1,0,1,0,0,0,19,4,11,0,4,0,3,0,0,1,5,1,5,0,2,11,0,0,0,7,0,0,0,16,1,6
0,0,3,3,0,0,0,0,0,1,0,0,0,0,0,4,0,0,0,0,0,0,0,0,0,3,2,0,0,4,0,0,0,0,19,1,1,0,0,1,0,2,0,0,0,2,1,2,0,1,0,2,0,0,12,1,0,1,3,0,0,3,0,5,6,5,2,4,0,0,1,0,0,1,0,7,2,0,2,2,4,0,0,1,0,0,1,0,0,0,0,1,0,4,0,1,0,0,2,0
0,0,0,0,0,0,0,0,0,0,64,0,0,18,0,5,0,0,0,0,4,2,0,0,0,0,0,0,5,4,0,0,0,0,4,0,10,0,0,0,0,37,0,3,1,1,0,1,0,0,0,0,38,2,3,0,0,22,1,0,0,16,3,9,4,0,0,6,0,0,2,0,0,0,9,3,9,0,0,0,1,0,0,1,3,0,4,0,0,7,0,0,0,3,0,0,0,7,1,1
0,0,0,0,0,0,0,0,0,0,0,0,0,3,0,0,0,0,0,0,1,1,0,0,0,0,0,0,0,1,0,0,0,0,0,0,1,0,0,0,0,0,0,0,0,0,0,0,0,0,0,0,0,0,0,0,0,0,0,0,0,2,0,1,0,0,0,0,0,0,0,0,0,0,2,0,3,0,1,0,0,0,0,0,1,0,1,0,0,0,0,0,0,0,0,0,0,0,0,2
0,8,0,0,6,0,0,0,0,0,0,2,0,1,0,0,2,0,6,8,0,0,4,0,6,0,0,5,0,0,0,0,4,0,0,0,0,0,0,0,4,0,8,0,0,0,1,0,28,1,3,1,0,8,0,0,0,0,0,0,1,0,0,0,0,0,0,0,1,0,0,1,17,0,0,0,1,4,0,2,0,0,11,1,0,0,0,1,1,0,4,3,4,0,35,0,1,0,1,0
1,8,0,0,26,1,3,9,0,2,0,15,1,1,0,0,0,2,4,22,0,1,8,0,0,4,0,6,0,0,1,0,1,0,1,0,0,1,2,0,20,0,32,2,8,1,3,0,9,24,5,4,0,94,1,0,2,1,0,0,40,0,0,0,0,0,1,0,2,0,10,8,10,2,0,0,2,10,3,16,4,5,10,11,0,44,0,2,2,0,3,39,21,0,13,2,2,0,11,0
0,0,0,1,7,0,0,0,0,0,0,4,2,0,0,0,0,1,0,1,0,0,0,0,0,0,0,1,0,0,0,0,0,0,0,0,0,0,2,0,1,0,5,1,1,0,2,0,1,4,1,0,0,15,0,0,0,0,0,0,6,0,0,0,0,0,1,1,1,0,1,0,1,0,0,0,0,0,0,1,0,0,1,3,0,8,0,0,0,0,1,3,4,0,3,0,0,0,1,0
1,0,0,0,1,0,0,0,0,0,175,0,3,39,0,12,0,0,0,0,8,4,0,1,0,0,5,0,7,8,0,1,0,0,5,0,35,0,0,0,0,65,0,11,3,1,0,0,0,0,0,0,110,0,10,0,0,51,4,0,2,35,25,33,13,3,0,36,0,0,4,0,0,0,33,8,10,0,6,1,1,0,0,0,12,0,6,0,4,23,0,0,1,15,0,1,1,22,1,4
0,15,0,0,10,1,0,6,0,0,0,7,2,0,0,0,9,4,21,28,0,0,18,0,23,0,0,6,0,0,0,0,6,0,0,1,0,1,2,0,19,0,68,1,2,0,1,0,72,6,4,1,0,12,0,0,0,0,0,0,12,1,0,0,0,0,0,0,2,5,0,7,70,0,0,0,2,13,1,3,2,0,15,3,0,12,0,0,2,0,6,10,8,0,131,0,8,0,4,0
0,0,0,0,0,0,0,1,0,0,0,0,0,0,0,0,0,1,3,1,0,0,2,0,2,0,0,1,0,0,1,0,1,0,0,0,0,0,0,0,1,0,7,0,0,0,0,0,5,0,0,0,0,1,0,0,0,0,0,0,1,0,0,0,0,0,0,0,0,0,0,1,6,0,0,0,0,0,0,0,0,0,1,0,0,3,0,0,0,0,0,0,0,0,10,0,2,0,0,0
0,9,1,0,11,1,0,1,0,1,0,5,1,0,0,0,10,4,9,17,0,0,11,0,8,0,0,3,0,0,0,0,4,0,0,0,0,1,0,0,10,0,34,0,1,0,1,0,58,1,1,0,0,8,0,0,0,0,0,0,7,0,0,1,0,0,0,0,0,1,0,3,34,0,0,0,0,7,0,1,0,0,11,1,0,8,0,0,1,0,1,5,7,0,81,0,4,0,2,0
0,8,0,0,1,0,1,1,0,0,0,7,1,0,0,0,5,1,10,19,0,0,9,0,10,0,0,6,0,0,0,0,4,0,0,0,0,3,3,0,9,0,24,0,0,0,1,0,51,2,1,0,0,7,0,0,0,0,1,0,5,0,0,0,0,0,0,0,0,1,0,0,36,0,0,0,0,5,0,2,0,1,8,1,0,9,0,0,1,0,2,3,3,0,61,0,0,0,1,0
0,0,0,0,0,0,0,0,0,0,0,0,0,0,0,0,0,0,0,0,0,0,0,0,0,0,0,0,0,0,0,0,0,0,0,0,0,0,0,0,0,0,0,0,0,0,0,0,0,0,0,0,0,0,0,0,0,0,0,0,0,0,0,0,0,0,0,0,0,0,0,0,0,0,0,0,0,0,0,0,0,0,0,0,0,0,0,0,0,0,0,0,0,0,0,0,0,0,0,0
0,0,0,0,0,0,0,0,0,0,0,0,0,8,0,0,0,0,0,0,5,2,0,0,0,0,0,0,3,0,0,0,0,0,0,0,0,0,0,0,0,4,0,1,0,0,0,0,0,0,0,0,0,0,0,0,0,1,0,0,0,1,1,0,0,0,0,1,0,0,0,0,0,0,3,0,3,0,0,0,0,0,0,0,1,0,1,0,1,2,0,0,0,0,0,0,0,1,0,1
1,0,0,1,1,0,0,0,0,0,160,0,3,31,0,17,0,0,0,0,15,8,0,0,0,0,1,0,6,9,0,0,0,0,4,0,36,0,0,0,0,67,0,10,5,0,0,1,0,0,0,0,98,0,8,0,0,40,2,0,0,45,17,41,21,0,0,24,0,0,2,0,0,0,35,5,7,0,5,1,1,0,0,1,10,0,5,0,8,19,0,0,1,4,0,0,0,34,2,7
0,2,0,0,2,0,0,2,0,0,0,2,0,0,0,0,1,0,0,3,0,0,7,0,4,0,0,1,0,0,0,0,2,0,0,0,0,0,0,0,4,0,7,0,0,0,1,0,23,0,0,0,0,5,0,0,0,0,0,0,1,0,0,0,0,0,0,0,0,0,0,0,9,0,0,0,0,0,1,1,0,0,5,1,0,1,0,0,0,0,0,3,1,0,22,0,0,0,1,0
0,16,0,0,9,0,1,5,0,0,0,8,1,0,0,0,7,2,25,37,0,1,20,0,29,1,0,11,0,0,0,0,12,0,0,0,0,3,1,0,21,0,65,0,1,1,2,0,119,9,4,3,0,24,0,0,0,0,0,0,15,0,0,0,0,0,0,0,7,2,2,3,74,2,0,0,0,18,0,4,0,1,24,3,0,23,1,2,0,0,8,13,17,0,159,0,6,0,1,0
0,0,0,0,0,0,0,0,0,0,0,0,0,0,0,0,0,0,0,0,0,0,0,0,0,0,0,0,0,0,0,0,0,0,0,0,0,0,0,0,0,0,0,0,0,0,0,0,0,0,0,0,0,0,0,0,0,0,0,0,0,0,0,0,0,0,0,0,0,0,0,0,0,0,0,1,0,0,0,0,0,0,0,0,0,0,0,0,0,0,0,0,0,0,0,0,0,0,0,0
0,0,0,0,1,0,0,1,0,0,0,0,0,0,0,0,0,0,1,4,0,0,0,0,2,0,0,0,0,0,0,0,0,0,0,0,0,0,0,0,1,0,2,0,0,0,0,0,11,0,0,0,0,3,0,0,1,0,0,0,2,0,0,0,0,0,0,0,0,0,0,2,6,0,0,0,0,0,0,0,0,0,1,0,0,3,0,0,0,0,0,0,0,0,7,0,0,0,0,0
0,2,2,0,41,1,3,10,1,0,0,31,1,0,0,0,1,2,12,34,2,1,15,0,4,2,0,4,1,1,0,0,12,1,0,0,0,1,4,0,26,0,39,1,6,3,9,0,12,40,5,7,0,131,1,1,3,0,0,0,56,0,0,0,2,1,2,0,1,3,6,10,15,0,0,1,1,17,7,16,7,3,12,18,0,54,0,1,3,0,5,49,39,0,31,2,2,0,23,1
0,0,0,0,1,0,0,0,0,0,24,1,8,117,0,1,0,0,0,0,31,15,0,0,0,0,0,2,22,0,0,0,0,0,0,0,5,0,4,0,0,50,0,22,5,0,0,0,0,0,0,0,23,0,0,0,0,31,3,0,0,29,14,11,12,0,0,7,1,0,3,0,0,0,45,2,20,0,6,0,0,0,0,0,13,0,14,0,8,36,0,0,0,4,0,1,0,66,2,21
0,0,0,0,0,0,0,0,0,0,18,0,0,5,0,6,0,0,0,0,0,1,0,0,0,0,0,0,0,0,0,0,0,0,2,0,5,0,0,1,0,8,0,1,0,0,0,0,0,0,0,0,15,0,0,0,0,7,0,0,0,3,2,2,2,1,0,1,0,0,1,0,0,0,2,0,2,0,0,0,1,0,0,1,1,0,2,0,1,3,0,0,0,2,0,0,0,2,0,0
0,0,0,0,1,0,0,0,0,0,16,0,5,81,1,4,0,0,0,0,25,11,0,0,0,0,0,0,14,0,0,0,0,0,1,0,3,0,1,0,0,36,0,12,3,1,0,0,0,1,0,3,19,0,2,0,0,24,0,0,0,19,9,8,8,0,0,13,2,0,2,0,0,0,36,2,22,0,2,0,1,0,0,3,12,0,12,0,9,23,0,0,1,6,0,0,0,39,0,16
0,9,0,0,6,1,1,1,0,0,0,2,0,0,0,0,5,1,3,16,0,0,7,0,10,0,0,4,0,0,0,0,4,0,0,0,0,0,0,0,5,0,14,0,0,0,0,0,48,1,3,0,0,11,0,0,0,0,0,0,3,1,0,0,0,0,2,1,1,0,0,3,33,0,0,0,0,5,2,4,0,0,5,3,0,16,0,0,0,0,2,7,5,0,87,1,4,0,2,0
0,5,0,1,7,1,0,2,0,0,0,8,0,0,0,0,0,1,2,2,0,0,4,0,2,3,0,2,0,0,0,0,2,0,1,0,0,0,0,0,5,0,12,0,2,0,1,0,3,6,0,3,0,22,0,0,0,0,0,0,8,0,0,0,0,0,0,0,1,0,1,1,1,0,0,0,1,4,1,2,0,2,5,2,0,12,1,1,1,0,4,10,9,0,4,1,1,0,0,0
0,2,0,1,16,2,0,8,0,1,1,17,1,0,0,0,0,1,5,10,0,1,8,0,2,2,0,2,1,0,0,0,6,0,0,0,0,1,1,0,4,0,25,0,3,0,4,2,15,17,2,3,0,75,0,0,1,1,0,0,24,0,0,0,0,0,2,0,1,3,9,3,7,1,0,0,1,7,2,6,6,0,5,12,0,30,1,0,2,0,2,21,15,1,17,0,0,0,5,0
0,0,0,0,0,0,0,0,0,0,1,0,0,7,0,0,0,0,0,0,3,0,0,0,0,0,0,0,1,0,0,0,0,0,0,0,0,0,0,0,0,3,0,1,0,0,0,0,0,0,0,0,3,0,0,0,0,0,0,0,0,0,2,0,0,0,0,1,0,0,0,0,0,0,1,0,0,0,0,0,0,0,0,0,0,0,0,0,0,0,0,0,0,0,0,0,0,2,0,0
0,0,0,0,1,0,0,0,0,0,8,0,1,30,0,0,0,0,0,0,3,8,0,0,0,0,0,0,8,0,0,0,0,0,0,0,1,0,1,0,0,22,0,3,0,0,0,0,0,0,0,0,2,0,0,0,0,6,0,0,0,9,5,3,2,0,0,4,0,0,1,0,0,0,15,1,3,0,1,0,0,0,0,0,1,0,3,0,3,8,0,0,1,2,0,0,0,18,0,7
0,0,0,0,0,0,0,0,0,0,92,0,4,22,0,4,0,0,0,0,1,3,0,0,0,0,2,0,6,4,0,1,0,1,4,0,11,0,1,0,0,31,0,4,2,0,0,0,0,1,0,0,56,0,6,0,0,18,4,0,0,25,8,22,6,1,0,11,0,0,2,0,0,0,14,7,9,1,2,1,2,0,0,0,10,1,5,0,4,12,0,0,0,3,0,0,0,13,2,6
0,2,0,0,18,0,1,3,0,1,0,22,1,0,0,0,3,0,8,28,1,0,13,0,6,3,0,6,2,0,1,0,6,0,0,0,0,2,1,0,22,0,30,0,4,2,3,0,4,23,7,7,0,87,1,0,1,0,0,0,45,0,0,0,1,1,3,1,2,5,5,1,9,0,0,0,0,9,5,3,3,1,9,14,0,25,1,1,1,0,0,27,16,2,14,2,1,0,11,0
0,0,0,1,1,0,2,0,0,0,0,6,0,0,0,0,1,0,0,3,0,0,1,0,1,1,0,0,0,0,0,0,0,0,0,0,0,1,0,0,0,0,6,0,0,0,0,0,3,6,1,0,0,14,0,0,0,0,0,0,7,0,0,0,0,0,0,0,0,0,0,0,1,0,0,0,0,5,1,4,0,0,0,1,0,5,0,0,0,0,0,5,1,0,2,0,0,0,0,0
0,0,0,0,0,0,0,0,0,0,0,0,0,0,0,0,0,0,0,0,1,0,0,0,0,0,0,0,0,0,0,0,0,0,0,0,0,0,0,0,0,1,0,0,0,0,0,0,0,0,0,0,0,0,0,0,0,0,0,0,0,1,0,0,0,0,0,0,0,0,0,0,0,0,0,0,0,0,1,0,0,0,0,0,0,0,0,0,0,0,0,0,0,0,0,0,0,0,0,0
0,10,1,0,7,0,2,4,0,0,0,1,0,0,0,0,7,0,13,25,0,0,5,0,13,0,0,4,0,0,0,0,5,0,0,0,0,0,0,0,11,1,43,0,0,0,0,0,49,4,3,1,0,16,0,0,0,0,0,0,3,0,0,0,0,0,1,0,1,2,1,3,50,0,0,0,0,9,0,1,0,1,18,3,0,8,0,0,0,0,5,6,6,0,92,0,4,0,0,0
6,0,9,21,1,0,0,0,3,2,2,1,1,2,2,22,0,0,0,0,0,0,0,4,0,6,1,0,0,16,1,5,0,0,66,1,7,0,0,4,2,2,0,2,3,12,0,16,0,0,0,5,5,0,56,4,0,4,10,2,1,3,1,11,11,12,1,7,0,1,1,0,0,0,0,29,1,0,3,4,11,2,0,2,0,0,1,0,1,0,0,2,2,26,0,7,0,1,3,1
1,0,0,1,2,0,0,0,0,0,185,1,3,35,0,5,0,0,0,0,2,3,1,1,0,1,2,0,5,7,0,0,0,0,5,0,38,0,0,0,1,64,0,12,3,0,0,1,0,0,0,0,88,0,8,0,0,43,6,0,0,39,20,24,15,0,1,23,0,0,2,0,0,0,40,8,12,0,4,0,2,1,0,2,11,0,8,0,6,30,0,0,0,12,0,0,1,24,1,6
0,0,0,0,0,0,0,0,0,0,160,0,2,41,1,5,0,0,0,0,4,6,0,0,0,0,1,0,8,7,0,1,1,0,4,0,27,0,0,0,1,80,0,14,1,0,0,1,0,0,0,1,157,0,10,1,0,54,4,0,0,33,25,31,22,2,1,29,0,0,3,0,0,0,28,10,6,0,1,2,3,0,0,1,16,0,2,0,4,22,0,0,0,19,0,0,0,31,0,8
0,0,0,0,7,0,1,3,0,0,0,3,0,0,0,0,0,0,3,3,0,1,0,0,0,0,0,0,0,0,0,0,0,0,0,0,1,1,0,0,2,0,4,1,1,0,2,0,5,8,1,0,0,24,0,0,1,0,0,0,7,0,0,0,0,0,1,0,0,0,0,1,3,0,0,0,1,2,1,1,0,0,2,2,0,7,0,0,0,0,1,4,6,0,2,1,0,0,5,0
0,6,0,0,17,1,1,7,0,0,0,21,1,0,0,2,0,0,3,17,1,0,5,0,1,1,0,2,0,0,0,0,2,0,0,0,0,1,2,0,18,0,22,0,6,1,4,0,9,12,3,2,0,83,1,0,0,0,0,0,25,1,0,0,0,0,2,0,2,1,7,4,10,0,0,0,2,14,4,5,1,0,4,10,0,34,0,5,1,0,3,40,18,0,12,1,3,0,10,1
10,0,17,18,0,0,0,1,3,4,7,2,0,0,2,23,0,0,0,0,0,0,0,4,0,4,6,0,0,24,3,10,0,0,89,4,10,1,0,7,0,0,0,1,3,9,3,11,0,0,0,8,4,0,52,5,0,5,13,0,0,3,0,13,22,9,3,11,0,0,6,0,0,3,2,27,1,0,5,4,14,0,0,4,0,1,2,0,2,0,0,0,1,29,0,5,0,1,4,0
0,6,1,0,24,2,2,11,0,0,0,27,1,1,0,0,1,0,12,36,0,1,20,0,10,1,0,6,0,0,2,0,9,2,0,1,1,4,3,0,17,0,41,1,4,1,3,0,14,21,5,8,0,110,0,0,0,0,0,0,52,1,0,0,0,0,1,0,2,5,6,5,25,2,0,0,1,14,2,13,1,3,16,17,0,62,1,0,1,1,9,61,31,1,18,1,3,0,14,1
1,0,0,0,0,0,0,0,0,0,160,0,5,29,1,4,0,0,0,0,9,4,0,0,0,0,3,0,3,6,0,1,0,0,2,0,14,0,0,1,1,47,0,17,2,2,0,0,0,0,0,2,95,0,3,0,0,40,3,0,0,32,17,23,19,0,1,18,0,0,3,0,0,0,34,4,12,1,2,0,1,0,0,1,14,0,3,0,10,21,0,0,0,12,0,0,0,18,1,10
0,0,0,1,0,0,0,0,0,0,10,0,3,47,0,1,0,0,0,0,17,10,0,0,0,0,0,0,7,0,0,0,0,0,0,0,3,0,0,0,1,32,0,4,0,0,0,0,0,0,0,0,7,0,0,0,0,11,0,0,0,9,12,6,2,0,0,4,2,0,3,0,0,1,30,0,15,0,0,0,0,0,0,2,6,0,8,0,4,12,0,1,0,2,0,0,0,19,2,8
1,0,0,1,0,0,0,0,0,0,1,0,0,0,0,0,0,0,0,0,0,0,0,3,0,0,0,0,0,3,0,0,0,0,7,0,0,0,0,0,0,0,0,0,1,1,0,1,0,0,0,1,0,0,2,0,0,0,1,0,0,0,0,1,2,1,0,0,0,0,0,0,0,0,0,2,0,0,0,0,1,0,0,0,0,0,0,0,0,0,0,0,0,0,0,0,0,0,1,0
0,5,0,1,30,1,1,3,0,4,0,32,2,0,0,0,0,4,6,21,0,1,10,0,2,3,0,6,0,1,0,0,7,0,1,0,1,0,0,1,23,0,25,2,3,0,8,0,20,31,5,6,1,117,0,1,0,0,0,0,42,0,0,0,2,0,3,0,2,4,3,4,13,1,1,0,3,16,1,8,4,3,11,15,0,46,1,0,1,0,3,42,26,0,15,1,1,1,11,0
6,0,11,10,1,0,1,0,3,3,2,1,1,1,2,24,0,0,0,0,1,0,1,4,0,9,5,0,1,15,5,9,0,0,89,2,10,0,0,4,0,0,0,1,4,9,2,10,0,1,0,3,5,0,50,5,0,6,17,0,2,0,0,11,11,8,2,4,0,1,7,1,0,6,0,29,0,0,1,3,9,0,0,5,0,1,0,0,2,0,0,0,0,22,0,8,0,1,3,1
0,0,1,1,0,0,0,0,0,0,124,0,0,40,0,10,0,0,0,0,8,2,0,0,0,1,1,0,4,5,0,1,0,0,2,0,26,0,0,0,0,44,1,9,1,1,1,0,0,1,0,0,102,0,8,0,0,44,3,0,0,31,10,23,16,0,0,13,0,0,2,0,0,0,25,9,10,0,4,0,1,0,0,0,4,0,2,0,5,13,0,0,0,10,0,0,0,22,1,9
0,0,0,0,0,0,0,0,0,0,17,0,6,80,0,0,0,0,0,0,14,5,0,0,0,0,0,0,10,0,0,0,0,0,3,0,6,0,0,0,0,39,0,6,2,0,0,0,0,0,0,0,7,0,4,0,0,10,0,0,0,24,8,7,7,0,0,3,1,0,2,0,0,0,37,2,7,0,2,0,0,0,0,0,4,0,13,0,6,19,0,0,0,3,0,0,0,43,0,11
0,0,0,0,0,0,0,0,0,0,7,0,1,30,0,0,0,0,0,0,3,6,0,0,0,0,0,0,4,2,0,0,0,0,0,0,2,0,0,0,1,14,0,5,1,0,0,0,0,0,0,0,1,0,0,0,0,5,0,0,0,3,3,4,1,0,0,1,0,0,1,0,0,0,10,0,4,0,1,0,0,0,0,0,3,0,2,0,0,15,0,0,0,0,0,0,0,12,0,4
0,10,0,0,15,1,1,2,0,0,0,2,0,0,0,0,10,3,19,32,0,0,13,0,27,0,0,3,0,0,0,0,4,0,0,0,0,1,5,0,19,0,59,0,1,1,2,0,88,5,6,2,0,24,0,0,0,0,0,0,9,0,0,0,0,0,0,0,5,0,0,5,72,0,0,0,0,7,0,2,0,0,13,2,0,22,0,1,0,0,4,9,11,0,136,0,5,0,3,0
8,0,14,14,1,0,0,1,2,1,0,0,0,1,1,23,0,0,0,1,0,2,0,2,0,7,5,0,0,16,2,9,0,0,105,5,8,0,0,2,0,0,0,1,4,12,2,11,0,1,0,8,4,1,54,0,0,6,13,2,0,3,1,15,20,13,4,7,0,0,5,0,0,3,2,36,3,0,3,4,19,1,0,2,0,0,0,0,4,0,1,0,1,43,0,3,0,1,5,2
0,6,0,0,19,1,2,3,0,0,0,32,1,0,0,0,2,0,10,23,1,0,14,0,2,1,0,4,0,0,1,0,2,0,0,0,0,2,2,1,13,0,22,3,11,0,4,0,19,29,1,6,1,118,2,1,1,0,0,0,45,0,0,1,1,0,2,0,3,2,5,4,15,3,0,0,1,16,3,11,4,3,7,18,0,50,0,1,2,0,5,52,33,0,21,2,1,0,11,1
0,17,0,0,3,1,0,2,0,0,0,7,0,0,0,0,4,1,11,22,0,1,8,0,19,0,0,7,0,0,0,0,4,0,0,0,0,1,2,0,7,0,46,0,0,0,1,0,66,6,1,3,0,15,0,0,0,0,0,0,6,0,0,0,0,0,2,0,1,1,0,2,49,0,0,0,0,9,1,0,0,1,15,0,0,16,0,0,1,0,1,8,8,0,81,0,2,0,1,0
1,0,0,0,0,0,0,0,0,0,15,0,0,4,0,0,0,0,0,0,1,2,0,0,0,0,0,0,2,1,0,0,0,0,2,0,3,0,0,0,0,7,0,2,1,0,0,0,0,0,0,0,17,0,0,0,0,4,0,0,0,7,2,4,3,0,0,2,0,0,0,0,0,0,4,1,0,0,1,0,0,0,0,0,0,0,1,0,1,2,0,0,0,0,0,0,0,2,0,1
0,0,0,0,1,0,0,0,0,0,128,0,2,26,0,10,0,0,1,0,13,3,0,0,0,0,4,0,3,3,0,0,0,0,2,0,27,0,0,0,1,52,0,12,1,0,0,1,0,0,0,1,120,0,5,1,0,51,2,0,1,30,17,23,19,0,0,11,0,0,0,0,0,0,35,9,10,0,5,0,1,0,0,1,15,0,4,0,3,14,0,0,0,12,0,1,0,21,0,7
2,0,6,4,3,0,0,0,1,2,1,0,0,2,0,21,0,0,0,0,0,0,0,3,0,5,5,0,0,6,0,5,0,1,57,3,7,0,0,3,0,0,0,1,1,6,1,6,0,0,0,3,1,1,41,3,0,3,12,1,1,1,1,7,12,7,1,7,0,0,7,0,0,1,1,34,1,0,2,6,10,2,0,0,0,0,0,0,4,0,0,0,0,28,0,3,0,0,2,0
1,0,0,3,0,0,0,0,2,0,0,0,0,0,0,3,0,0,0,0,0,0,0,0,0,2,2,0,0,2,0,1,0,0,22,0,2,0,0,0,0,0,0,1,0,0,0,1,0,0,0,0,2,0,10,2,0,2,2,1,0,2,0,3,1,4,1,1,0,0,1,0,0,0,0,1,0,0,0,1,3,0,0,0,0,0,0,0,0,0,0,0,0,7,0,0,0,0,0,0
1,9,0,2,35,2,3,6,0,1,0,30,1,0,0,0,1,4,4,33,1,2,15,0,4,2,0,3,1,0,1,0,1,0,0,0,0,0,3,0,32,0,34,1,5,1,2,1,16,38,7,10,0,154,0,1,1,2,0,0,59,1,0,2,0,0,1,2,1,11,8,4,15,3,1,1,1,10,4,14,3,1,13,12,0,68,1,2,3,0,10,56,27,3,25,0,2,0,20,2
0,0,0,0,1,0,0,0,0,0,28,0,5,161,0,1,0,0,1,0,40,18,0,0,0,1,1,1,23,2,0,1,0,0,0,0,11,0,0,0,0,75,0,27,5,0,0,0,0,0,0,1,33,0,2,1,0,30,1,0,0,34,26,13,7,0,0,13,1,0,6,0,0,0,81,2,28,1,1,0,1,0,0,5,7,0,22,0,13,57,0,0,1,2,0,0,0,69,1,36
1,0,0,1,0,0,0,0,1,0,194,0,3,45,0,15,0,0,0,0,10,5,0,1,0,0,4,0,4,3,0,0,0,0,2,0,31,0,0,0,0,66,0,16,4,0,0,1,0,1,0,1,121,1,8,1,0,43,1,0,0,33,23,28,25,2,1,18,1,0,5,0,0,0,35,9,18,1,2,0,0,0,0,2,10,0,3,0,5,19,0,0,0,13,0,0,0,28,2,5
0,2,0,1,18,0,1,3,0,0,0,15,1,0,0,0,0,0,6,8,0,2,11,0,2,2,0,1,0,0,0,0,5,1,0,0,0,3,1,0,8,0,12,0,2,1,1,0,4,17,3,3,0,55,0,0,0,0,0,0,18,0,0,0,0,0,2,0,0,5,2,1,4,0,0,0,1,7,1,2,2,3,6,4,0,26,2,1,1,0,1,23,14,0,7,2,1,0,3,0
1,1,0,0,1,1,0,3,0,1,0,3,0,0,0,0,0,0,3,0,0,0,3,0,0,0,0,1,0,0,0,0,2,0,0,0,0,0,0,0,2,0,5,0,0,1,1,0,4,6,1,0,0,13,0,0,1,0,0,0,7,0,0,0,0,0,0,0,2,0,0,0,3,0,1,0,0,2,0,1,0,1,4,1,0,8,0,0,0,0,0,8,2,0,1,0,0,0,4,0
8,0,14,25,1,0,0,1,4,0,0,1,0,0,2,38,0,0,0,0,0,0,0,3,0,13,16,1,0,28,4,11,0,0,136,2,13,1,0,7,0,0,0,2,8,13,0,27,0,0,1,6,4,3,71,10,0,8,15,2,1,3,1,16,24,13,4,14,0,1,10,0,0,2,1,62,2,0,2,8,19,1,0,4,1,0,1,0,3,0,0,1,3,48,1,4,0,3,5,1
0,0,0,0,0,0,0,0,0,0,55,0,0,10,0,1,0,0,0,0,2,3,0,1,0,0,0,0,0,0,0,0,0,0,0,0,11,0,0,0,0,15,0,1,1,0,0,1,0,0,0,0,34,0,4,0,0,8,0,0,0,11,6,7,5,0,0,7,0,0,1,0,0,0,7,3,4,0,2,0,1,0,0,0,2,0,3,0,1,2,0,0,1,3,0,0,0,11,0,2
0,0,1,0,1,0,0,0,0,0,181,0,1,36,0,3,0,0,0,0,12,3,0,1,0,0,2,0,4,8,0,0,1,0,6,0,37,0,2,0,0,83,0,10,2,0,0,2,0,1,0,1,140,0,8,0,0,39,5,0,0,50,20,23,24,2,0,31,0,0,3,0,0,0,35,9,13,0,3,2,1,0,0,1,10,0,10,0,3,20,0,0,1,15,0,1,0,24,1,5
1,0,1,3,0,0,0,0,1,0,0,0,0,1,1,4,0,0,0,0,0,0,0,1,0,1,0,0,0,2,1,0,0,0,14,0,1,0,0,0,0,0,0,0,0,3,0,1,0,0,0,1,0,0,5,0,0,0,3,0,0,0,0,1,4,2,1,3,0,0,0,0,0,0,0,3,0,0,1,0,1,1,0,0,0,1,0,0,0,0,0,0,0,3,0,0,0,1,0,0
0,0,0,0,0,0,0,0,0,0,20,0,5,129,0,1,0,0,0,0,33,12,0,0,0,0,0,0,18,0,1,0,0,0,3,0,8,0,3,0,0,62,0,20,5,0,0,0,0,0,0,0,25,0,7,0,0,31,2,0,0,28,24,10,6,1,0,8,1,0,3,0,0,0,50,0,22,0,8,0,2,0,0,1,15,0,15,0,3,31,0,0,1,7,0,0,0,72,3,20
0,4,0,0,14,1,1,2,0,0,0,9,1,0,0,0,0,0,6,9,0,0,5,0,2,0,0,0,0,0,0,0,1,0,0,0,0,1,0,0,9,0,18,1,2,1,3,0,9,9,2,2,0,50,0,0,1,0,0,0,23,0,0,0,1,0,0,0,3,2,3,0,4,0,0,0,0,7,1,2,2,1,6,7,0,21,0,0,0,0,2,28,17,1,10,0,0,0,7,0
11,0,22,23,2,0,1,1,5,1,9,3,1,4,2,49,0,0,0,1,0,2,0,6,0,12,10,0,0,30,3,15,0,0,159,5,19,1,1,10,0,3,1,3,6,15,3,31,0,0,0,10,4,3,79,6,0,7,20,2,1,8,0,19,28,20,6,12,0,0,15,0,0,1,3,55,0,1,2,5,18,3,0,6,0,0,3,0,1,0,0,2,0,67,0,10,0,2,7,2
0,4,1,1,20,2,1,4,1,0,0,27,1,1,0,0,1,1,8,24,0,0,4,0,1,2,0,3,0,0,0,0,1,0,0,0,0,0,0,0,16,0,22,0,2,1,3,0,9,28,6,1,0,74,1,1,1,0,0,0,37,1,0,0,2,0,4,1,0,4,3,4,17,0,0,1,1,13,2,6,2,3,8,8,0,35,2,2,2,0,5,22,11,1,10,0,0,0,8,2
0,6,0,0,20,0,0,6,0,0,0,26,1,0,0,0,2,2,2,25,0,0,9,0,5,5,0,2,0,0,0,0,6,0,2,0,0,1,0,0,19,0,26,0,4,0,4,0,7,33,4,2,1,93,0,0,0,1,0,0,41,0,0,0,0,0,4,0,2,2,8,2,18,0,0,0,0,14,3,15,0,3,4,11,0,38,1,3,3,0,6,32,24,1,10,2,2,1,8,1
8,0,12,10,1,0,0,0,4,1,3,0,0,0,1,22,0,0,0,0,0,0,0,3,0,10,8,0,0,22,2,10,0,0,85,2,11,1,0,2,0,1,0,1,6,9,0,11,0,2,0,5,8,0,50,6,0,5,9,0,0,2,0,15,25,17,1,13,1,1,4,0,0,0,0,29,0,0,3,2,15,0,0,3,0,0,0,0,0,0,0,0,1,35,0,5,0,0,3,1
0,0,0,0,0,0,0,0,0,0,31,0,1,9,0,1,0,0,0,0,3,0,0,0,0,0,3,0,1,0,1,0,0,0,4,0,6,1,0,0,0,17,0,3,1,0,0,0,0,0,0,0,25,0,1,0,0,6,0,0,0,11,5,4,4,0,0,1,0,0,0,0,0,0,7,1,0,0,0,0,0,0,0,0,1,0,0,0,0,6,0,0,0,4,0,0,0,5,0,1
0,10,0,1,12,1,1,5,0,0,0,3,1,0,0,0,4,3,18,25,0,0,13,0,15,0,0,10,0,0,0,0,12,0,0,0,0,1,2,0,21,0,57,0,2,0,0,0,97,8,7,0,0,19,0,0,0,0,0,1,3,0,0,0,1,0,1,0,1,0,1,6,80,0,0,0,0,12,1,2,0,0,13,1,0,14,2,1,0,1,7,18,9,0,140,0,7,0,5,1
0,1,0,0,0,0,0,0,0,0,26,0,8,111,0,3,0,1,0,0,35,18,0,0,0,0,1,0,16,3,0,1,0,0,1,0,4,0,4,0,1,65,0,21,2,1,0,0,0,1,0,0,18,0,4,1,0,22,1,0,0,27,17,16,9,0,0,10,0,1,6,0,0,0,53,5,27,0,2,0,1,0,0,4,17,0,9,0,5,32,0,1,0,4,0,1,0,69,0,27
1,7,0,0,38,0,2,10,0,0,0,37,1,0,0,0,4,2,11,27,0,0,22,0,3,1,0,6,0,0,0,0,4,1,1,1,0,0,0,0,19,1,39,1,5,6,7,1,12,34,9,5,0,150,0,2,0,0,1,0,61,0,0,0,1,0,1,1,4,3,4,8,23,3,0,1,1,16,4,6,6,5,14,15,0,55,2,5,2,0,10,65,27,0,31,0,4,1,17,1
0,4,0,0,5,1,0,2,0,0,0,3,0,0,0,0,3,1,5,13,0,0,5,0,8,1,0,5,0,0,0,0,5,0,0,0,0,1,0,0,9,0,18,0,0,0,0,0,49,2,2,0,0,10,0,1,0,0,0,0,6,0,0,0,0,0,1,0,1,0,0,1,27,0,0,0,0,7,0,2,0,0,7,1,0,3,0,0,0,0,3,2,5,0,57,1,1,0,1,0
0,8,0,0,7,1,0,3,0,1,0,5,1,0,0,0,6,1,18,23,0,2,13,0,24,0,0,5,0,0,0,0,10,0,0,0,0,1,2,0,9,0,54,0,2,0,0,0,66,8,1,0,0,19,0,0,0,0,0,0,11,0,0,0,1,0,0,0,0,0,1,2,44,0,0,0,1,4,0,3,1,2,17,4,0,6,0,1,2,0,5,10,5,0,84,0,3,0,3,0
0,3,0,0,17,0,1,5,0,0,0,10,1,0,0,0,1,0,0,8,1,0,3,1,2,0,0,0,0,0,0,0,2,0,0,0,0,0,2,0,8,0,12,0,3,0,2,0,8,18,1,3,0,44,0,0,0,0,0,0,14,1,0,0,0,0,0,0,1,1,0,0,2,1,0,0,0,6,0,8,2,1,2,2,0,20,0,1,0,0,3,23,10,0,12,0,0,0,1,0
3,0,1,0,0,0,0,0,0,0,0,0,0,0,0,0,0,0,0,0,0,1,0,0,0,1,0,0,1,1,1,0,0,0,6,0,0,0,0,0,0,0,0,0,0,0,0,2,0,0,0,1,0,0,3,0,0,1,1,1,0,1,0,0,0,0,0,0,0,0,0,0,0,0,0,2,0,0,0,1,1,0,0,0,0,0,0,0,0,0,0,0,0,2,0,0,0,0,0,0
0,17,0,0,10,3,0,3,0,0,0,5,0,0,0,0,15,2,13,18,0,0,22,0,19,1,0,7,0,0,0,0,2,1,0,0,0,2,0,0,18,0,58,0,3,0,2,0,83,7,6,4,0,17,0,1,0,1,0,1,10,0,0,0,0,0,0,0,2,2,0,4,72,0,0,0,0,15,1,2,1,0,14,3,0,24,1,2,0,0,2,11,8,1,137,1,4,0,3,2
0,0,0,0,0,0,0,0,0,0,1,0,0,9,0,0,0,0,0,0,2,0,0,0,0,0,0,0,2,0,0,0,0,0,0,0,0,0,0,0,0,8,0,1,0,0,0,0,0,0,0,0,1,0,0,0,0,3,0,0,0,3,0,0,1,0,0,1,0,0,0,0,0,0,2,1,1,0,0,0,0,0,0,0,0,0,4,0,0,4,0,0,0,1,0,0,0,6,1,1
0,0,0,2,0,0,0,0,0,0,0,1,0,0,0,1,0,0,0,0,0,1,0,0,0,2,1,0,0,1,0,0,0,0,3,0,0,0,0,0,0,0,0,0,0,0,0,0,0,0,0,0,0,0,2,0,0,0,0,1,0,0,0,0,0,1,0,0,0,0,0,0,0,0,0,0,0,0,0,0,1,0,0,0,0,0,0,0,0,0,0,0,0,0,0,0,0,0,0,0
0,0,0,0,0,0,0,0,0,0,3,0,2,8,0,0,0,0,0,0,4,2,0,0,0,0,0,0,0,2,0,0,0,0,0,0,0,0,0,0,0,3,0,0,0,0,0,0,0,0,0,0,1,0,0,0,0,4,0,0,0,4,2,1,1,0,0,1,0,0,1,0,0,0,4,1,3,0,2,0,1,0,0,0,0,0,0,0,0,2,0,0,0,0,0,0,0,11,0,1
0,13,0,0,3,1,1,3,0,0,0,2,2,0,0,0,8,4,12,25,0,0,10,0,11,0,0,0,0,0,0,0,4,0,0,0,0,2,2,0,8,0,21,0,3,0,2,0,50,5,2,0,0,9,0,0,0,0,0,0,2,0,0,0,0,0,1,0,1,0,0,4,35,0,0,0,0,11,0,1,0,0,13,1,0,10,0,0,0,0,3,8,6,0,78,0,0,0,3,0
1,11,0,0,7,0,0,2,0,0,0,2,1,0,0,0,6,1,15,18,0,0,14,0,10,1,0,6,0,0,0,0,3,0,0,0,0,1,0,0,6,0,18,0,0,0,0,0,59,3,4,0,0,17,0,0,0,0,0,1,4,0,0,0,0,0,0,0,1,3,3,1,31,0,0,0,1,12,0,2,0,0,8,0,0,12,0,0,0,0,2,1,2,0,74,0,2,0,1,0
5,0,6,17,2,0,0,0,4,1,0,1,1,1,2,15,1,0,0,1,0,1,0,2,0,8,4,0,0,24,0,19,0,0,90,1,14,0,0,2,0,3,0,0,7,11,1,11,0,2,0,9,1,0,55,2,0,5,13,1,1,5,0,13,17,19,6,8,0,1,4,0,0,2,0,30,3,0,1,7,15,2,0,2,0,0,3,0,4,1,0,2,3,23,0,2,0,0,1,0
0,1,0,0,1,0,0,0,0,0,26,0,3,153,0,1,0,0,0,0,32,8,0,0,0,0,1,0,22,1,0,0,0,0,1,0,9,0,0,0,0,85,0,16,6,0,0,3,0,0,0,0,22,0,2,0,0,21,0,0,0,31,22,15,12,0,1,22,0,0,3,0,0,0,45,4,33,0,7,0,0,0,0,0,10,1,15,0,5,34,0,0,1,5,0,0,0,64,0,22
0,2,0,0,1,0,0,0,0,0,0,1,0,0,0,0,0,2,2,1,0,0,1,0,1,0,0,0,0,0,0,0,1,0,0,0,0,0,0,0,4,0,14,0,0,0,0,0,10,1,1,0,0,4,0,0,0,0,0,0,0,0,0,0,0,0,0,0,0,1,0,0,12,0,0,0,0,4,0,1,0,0,2,1,0,1,0,1,0,0,1,3,2,0,13,0,0,0,1,0
0,9,0,0,8,1,0,4,0,0,0,6,0,0,0,0,5,1,11,17,0,0,5,0,11,0,0,4,0,0,0,0,3,0,0,0,0,0,1,0,15,0,41,0,2,1,2,0,54,5,3,0,0,7,0,0,1,0,0,0,7,1,0,0,0,0,0,0,2,0,1,4,45,1,0,0,0,6,1,1,0,0,7,1,0,10,1,1,2,0,2,7,3,0,89,0,2,0,1,0
0,7,0,2,24,0,1,7,1,0,0,16,2,0,0,0,1,2,6,13,0,1,12,0,6,2,0,3,0,0,2,0,5,0,1,1,0,2,4,1,11,0,21,4,5,3,3,0,8,30,2,5,0,81,0,0,0,0,0,1,31,0,0,0,0,1,0,0,1,0,2,2,8,1,0,0,1,9,4,10,3,0,7,18,0,34,0,3,3,0,4,48,20,0,11,2,1,0,4,0
0,0,0,0,0,1,0,0,0,0,0,0,0,0,0,0,0,0,1,1,0,0,0,0,0,0,0,1,0,0,0,0,0,0,0,0,0,0,0,0,1,0,0,0,0,0,0,0,0,0,0,0,0,0,0,0,0,0,0,0,0,0,0,0,0,0,0,0,0,0,0,0,0,0,0,0,0,0,0,0,0,0,0,0,0,0,0,0,0,0,0,0,0,0,2,0,0,0,0,0
3,0,10,7,0,0,0,0,3,0,0,0,1,0,1,14,0,0,0,0,1,0,0,4,0,5,2,0,0,12,0,6,0,0,76,1,6,1,0,3,0,0,0,0,2,7,2,9,0,2,0,7,2,0,39,3,0,1,11,0,0,2,0,9,7,8,2,4,0,0,6,0,0,2,0,20,0,0,3,3,7,1,0,3,0,0,0,0,1,1,0,3,0,15,0,3,0,0,2,0
1,0,0,1,1,0,1,0,0,0,206,0,4,41,0,10,0,0,0,0,11,1,0,1,0,0,6,0,5,6,0,1,0,0,7,0,32,0,0,2,0,60,0,7,1,2,0,0,0,0,0,0,122,0,9,0,0,46,3,0,0,45,28,30,16,0,0,22,0,0,5,0,0,0,37,6,10,0,7,0,0,0,0,2,14,0,6,0,4,23,0,0,2,10,0,0,0,22,2,12
0,2,0,0,3,0,0,3,0,0,0,3,1,0,0,0,2,1,3,6,0,0,3,0,3,0,0,1,0,0,0,0,1,0,0,0,0,0,1,0,3,0,11,0,0,0,0,0,20,0,0,0,0,2,0,0,0,0,0,0,2,0,0,0,0,0,0,0,1,0,0,0,9,0,0,0,0,4,0,0,0,0,5,0,0,5,0,0,0,0,2,0,0,0,35,0,1,0,0,0
0,0,0,0,0,0,0,0,0,0,73,0,3,13,0,7,0,0,0,0,7,1,0,1,0,1,2,0,1,2,0,0,0,0,2,0,16,0,0,0,0,30,0,4,1,0,0,0,0,0,0,0,49,0,3,0,0,25,0,0,0,19,13,21,2,0,1,6,0,0,0,0,0,0,18,3,3,0,2,0,0,1,0,0,5,0,2,0,3,9,0,0,0,2,0,0,0,6,0,3
0,6,3,1,33,3,2,7,2,0,0,26,2,0,0,0,3,1,10,27,0,0,13,0,3,2,1,2,0,1,0,0,3,0,1,0,0,1,3,0,26,0,40,0,6,1,2,0,12,31,5,5,0,107,1,1,0,1,0,0,39,0,0,0,4,0,3,0,1,6,7,3,22,0,1,0,3,19,6,7,2,1,12,12,0,46,2,3,1,0,12,41,29,0,21,1,0,0,16,0
0,15,0,0,13,0,0,2,0,0,1,5,0,0,0,0,4,3,23,28,0,0,12,0,16,0,0,4,0,0,0,0,3,0,0,0,0,1,1,0,17,0,63,0,2,0,1,0,80,8,2,1,0,22,0,0,1,0,0,0,10,0,0,0,0,0,1,0,2,2,1,1,80,1,0,0,0,12,0,1,0,1,14,1,0,12,0,1,0,0,5,6,5,0,134,0,4,0,1,0
0,0,0,0,2,0,0,0,0,0,28,0,6,146,0,1,0,0,0,0,32,13,0,0,0,0,0,1,17,3,0,1,2,0,2,0,10,0,0,0,1,71,0,12,6,0,0,0,0,1,0,0,25,0,2,0,0,24,0,0,1,31,17,9,17,0,0,8,1,0,6,1,0,0,50,1,22,0,6,0,0,0,0,0,17,3,20,0,6,41,0,0,1,1,0,0,0,52,1,39
1,0,0,1,0,0,0,0,0,0,0,0,0,0,0,3,0,0,0,0,0,0,0,0,0,0,0,0,0,0,0,0,0,0,2,0,0,0,0,0,0,0,0,1,0,1,0,2,0,0,0,0,0,0,2,0,0,0,2,0,0,0,0,0,0,0,0,0,0,0,0,0,0,0,0,1,0,0,0,0,2,1,0,0,0,0,0,0,0,0,0,0,1,0,0,0,0,0,0,0
0,0,0,0,0,0,0,0,0,0,122,0,1,22,0,10,0,0,0,0,7,2,0,0,0,0,1,0,6,6,0,3,0,0,2,1,26,0,0,0,0,47,0,5,3,2,0,1,0,0,0,0,79,0,4,0,0,29,1,0,0,29,18,19,18,0,0,16,0,0,2,0,0,1,20,3,7,0,6,1,1,0,0,0,12,0,7,0,4,15,0,0,0,7,0,0,0,27,1,7
0,0,0,0,0,0,0,0,0,0,104,0,2,27,0,4,0,0,0,0,4,1,0,0,0,0,1,0,4,4,0,1,0,0,0,0,24,0,1,0,0,36,0,4,2,0,0,0,0,0,0,0,67,1,5,0,0,32,1,0,0,20,6,15,12,0,0,14,0,0,1,0,0,0,22,5,7,0,3,0,0,0,0,0,9,0,3,0,3,9,0,0,0,4,0,0,0,10,1,4
0,0,2,0,0,0,0,0,1,0,146,0,1,19,0,10,0,0,0,0,3,11,0,0,0,1,1,0,6,3,0,0,0,0,0,1,24,0,0,0,0,47,0,6,4,0,0,0,0,0,0,0,84,1,4,0,0,45,1,0,0,27,20,17,14,0,0,16,0,0,2,0,0,1,24,8,4,1,4,1,0,0,0,0,8,0,1,0,4,11,0,0,0,4,0,1,0,15,1,6
0,11,0,0,3,2,0,3,0,1,0,4,1,0,0,0,10,1,12,20,0,0,20,0,8,0,0,5,1,0,0,0,4,1,0,0,0,0,0,0,13,0,47,0,2,0,0,0,58,4,6,1,0,18,1,0,0,0,0,0,6,0,0,0,0,0,0,0,1,2,0,2,42,0,0,0,1,12,1,4,0,0,6,2,0,12,1,3,1,0,3,8,5,0,82,2,4,0,1,0
0,0,0,0,1,0,0,0,0,1,0,4,1,0,0,0,0,0,3,5,0,0,2,0,1,1,0,0,0,0,0,0,1,0,0,0,1,0,0,0,4,0,5,0,0,0,4,0,4,9,0,1,0,17,0,0,0,0,1,0,7,0,0,0,0,0,0,0,0,0,3,1,1,0,0,0,0,1,0,2,1,1,4,2,0,12,0,0,0,0,2,5,9,1,4,0,0,0,0,0
0,0,0,0,1,0,0,0,0,0,30,0,3,147,0,1,0,0,0,0,32,12,0,0,0,1,2,1,10,3,0,1,0,0,2,0,4,0,3,0,1,80,0,24,2,1,0,1,0,0,0,0,21,0,3,1,0,30,1,0,1,36,34,11,17,0,0,17,3,0,3,0,0,0,63,4,38,0,5,2,2,0,0,0,11,0,15,0,4,38,0,0,1,2,0,1,0,73,1,42
15,0,14,12,2,0,0,0,8,2,3,0,1,3,1,29,0,0,0,0,3,0,0,2,0,12,9,0,0,23,3,9,0,0,125,1,15,1,0,3,0,0,0,1,3,15,0,13,0,3,1,8,3,0,78,5,0,7,15,1,0,7,0,15,18,14,2,18,0,0,6,0,0,4,2,32,3,0,4,8,9,5,0,2,1,1,1,0,3,1,1,0,0,38,0,7,0,1,2,2
0,0,0,0,0,0,0,0,0,0,16,1,2,56,0,0,0,0,0,0,11,7,0,0,0,0,0,0,7,0,0,0,1,0,1,0,2,0,0,0,0,29,0,5,0,0,0,0,0,0,0,1,12,0,1,0,0,6,0,0,0,13,12,7,3,0,0,6,0,0,0,0,0,0,25,0,11,0,2,0,0,0,0,0,5,0,10,1,3,12,0,0,0,1,0,0,0,23,1,11
0,8,0,0,18,1,2,1,0,1,0,11,2,0,0,0,2,1,4,20,0,1,13,0,0,0,0,3,0,0,0,0,6,0,0,0,0,3,2,0,8,0,23,1,2,1,2,0,10,23,4,5,0,66,0,0,0,0,0,0,33,0,0,0,0,0,2,0,3,1,4,2,11,4,0,0,0,14,3,9,2,4,3,5,0,29,1,1,3,0,3,29,24,0,12,1,1,0,7,0
0,0,0,2,0,0,0,0,1,0,90,0,0,26,0,6,0,0,1,0,6,2,0,0,0,0,0,0,3,6,0,2,0,0,1,0,17,0,0,0,0,36,0,5,4,0,0,0,1,0,0,1,48,0,2,0,0,25,3,0,0,29,9,17,8,1,0,14,0,0,2,0,0,0,23,3,8,0,2,0,0,0,0,1,7,0,4,0,5,9,0,0,0,3,0,0,0,15,1,3
0,13,0,0,6,2,2,3,0,0,0,6,1,0,0,0,9,3,20,34,0,0,20,0,29,0,0,9,0,0,0,0,6,0,0,0,0,1,0,0,16,0,61,1,0,0,1,0,87,7,5,1,0,15,0,0,0,0,0,0,4,0,0,1,0,0,0,1,2,1,1,6,83,0,0,0,0,13,1,2,2,0,10,3,0,15,1,3,0,0,4,17,9,1,150,0,3,0,1,0
9,0,13,13,0,0,0,1,6,2,4,1,0,1,3,24,0,0,0,0,1,1,0,2,0,5,7,0,1,16,1,9,0,1,104,1,10,2,0,3,0,1,0,1,3,13,0,16,0,1,0,4,7,0,69,3,0,4,11,2,1,8,0,17,13,13,6,16,0,0,5,0,0,5,2,46,1,1,5,2,17,3,0,6,0,0,0,0,1,0,0,2,2,30,0,0,0,1,4,0
1,0,0,1,0,0,0,0,0,0,172,0,3,36,0,15,0,0,0,0,14,5,0,0,0,0,4,0,7,4,0,0,0,0,4,0,38,0,1,0,0,59,0,11,2,1,0,0,0,0,0,0,120,0,4,0,0,45,3,0,0,34,12,35,12,1,0,22,0,0,4,0,0,0,39,5,10,2,4,0,1,1,0,3,7,0,2,0,3,20,0,0,1,5,0,0,0,21,0,10
1,3,0,0,15,1,4,3,0,1,0,10,0,0,0,0,0,0,3,10,0,2,4,0,0,0,0,2,0,0,0,0,2,1,0,0,0,0,0,0,9,0,14,1,2,0,2,0,9,16,3,3,0,50,0,0,0,0,0,0,19,0,0,0,1,0,1,0,2,2,2,0,7,0,0,0,0,3,0,3,5,3,4,3,0,23,0,1,0,0,4,25,12,0,4,1,1,0,2,0
0,0,0,1,1,0,0,0,1,0,44,0,0,7,0,2,0,0,0,0,3,0,0,0,0,0,1,0,2,1,0,0,0,0,3,0,6,0,0,0,0,12,0,2,2,0,0,0,0,0,0,0,35,0,2,0,0,8,0,0,0,19,5,6,5,0,0,5,0,0,1,0,0,0,12,2,3,0,2,0,0,0,0,1,2,0,3,0,2,2,0,0,1,0,0,0,0,1,2,1
0,0,0,0,1,0,0,0,0,0,147,0,2,25,0,9,0,0,0,0,9,4,0,0,0,0,5,2,5,12,0,0,0,0,3,0,23,0,1,0,1,45,0,7,4,1,0,2,0,0,0,0,83,0,4,0,0,27,1,0,0,28,14,25,16,1,0,21,0,0,3,0,0,0,30,6,8,0,2,0,1,0,0,1,7,0,3,0,3,13,0,0,0,8,0,1,0,20,2,9
0,5,0,0,17,0,3,3,1,0,0,17,1,0,0,1,1,2,4,9,0,0,8,0,4,2,0,3,0,0,3,0,4,0,1,0,0,1,2,1,18,0,33,1,3,0,3,1,9,17,0,2,0,70,0,0,1,2,0,0,24,0,0,0,0,0,0,0,1,2,1,1,5,0,0,0,1,7,5,8,4,1,8,5,0,37,0,0,0,0,1,24,15,0,14,0,1,0,6,0
0,0,0,0,0,0,0,0,0,0,3,0,0,9,0,0,0,0,0,0,3,1,0,0,0,0,0,0,2,0,0,0,0,0,0,0,1,0,0,0,0,6,0,3,1,0,0,1,0,0,0,0,1,0,0,0,0,3,0,0,0,4,3,1,0,0,0,2,0,0,0,0,0,0,3,0,4,0,2,0,0,0,0,0,0,0,1,0,0,5,0,0,1,1,0,0,0,9,0,5
